As-Of-Date,Symbol,Name,% of Assets,Market Value
2021-02-28,TWTR,TWITTER INC COMMON STOCK USD.000005,0.6052206900,3897309.5000000000
2021-02-28,TWLO,TWILIO INC   A COMMON STOCK USD.001,0.5689284300,3663606.0000000000
2021-02-28,FCX,FREEPORT MCMORAN INC COMMON STOCK USD.1,0.4952151300,3188930.3100000000
2021-02-28,KLAC,KLA CORP COMMON STOCK USD.001,0.4867465900,3134397.3300000000
2021-02-28,F,FORD MOTOR CO COMMON STOCK USD.01,0.4596814400,2960111.7000000000
2021-02-28,ALGN,ALIGN TECHNOLOGY INC COMMON STOCK USD.0001,0.4459743400,2871845.0400000000
2021-02-28,MRNA,MODERNA INC COMMON STOCK USD.0001,0.4451864800,2866771.5800000000
2021-02-28,IDXX,IDEXX LABORATORIES INC COMMON STOCK USD.1,0.4408874200,2839087.8600000000
2021-02-28,ROKU,ROKU INC COMMON STOCK USD.0001,0.4338959200,2794066.2000000000
2021-02-28,JCI,JOHNSON CONTROLS INTERNATION COMMON STOCK USD.01,0.4087810800,2632339.5700000000
2021-02-28,DOCU,DOCUSIGN INC COMMON STOCK USD.0001,0.4070702800,2621322.9000000000
2021-02-28,SPOT,SPOTIFY TECHNOLOGY SA COMMON STOCK EUR.000625,0.4053540000,2610270.9600000000
2021-02-28,CMG,CHIPOTLE MEXICAN GRILL INC COMMON STOCK USD.01,0.4046432400,2605694.0000000000
2021-02-28,APTV,APTIV PLC COMMON STOCK USD.01,0.4042746000,2603320.1600000000
2021-02-28,HPQ,HP INC COMMON STOCK USD.01,0.4012890900,2584095.0300000000
2021-02-28,CDNS,CADENCE DESIGN SYS INC COMMON STOCK USD.01,0.3918409000,2523253.5600000000
2021-02-28,MCHP,MICROCHIP TECHNOLOGY INC COMMON STOCK USD.001,0.3840942600,2473369.1500000000
2021-02-28,VEEV,VEEVA SYSTEMS INC CLASS A COMMON STOCK USD.00001,0.3815716600,2457124.9200000000
2021-02-28,A,AGILENT TECHNOLOGIES INC COMMON STOCK USD.01,0.3803997900,2449578.6900000000
2021-02-28,CMI,CUMMINS INC COMMON STOCK USD2.5,0.3760163500,2421351.6000000000
2021-02-28,SNPS,SYNOPSYS INC COMMON STOCK USD.01,0.3735562900,2405510.1000000000
2021-02-28,PH,PARKER HANNIFIN CORP COMMON STOCK USD.5,0.3700475900,2382915.8400000000
2021-02-28,TROW,T ROWE PRICE GROUP INC COMMON STOCK USD.2,0.3696030200,2380053.0600000000
2021-02-28,APH,AMPHENOL CORP CL A COMMON STOCK USD.001,0.3694780100,2379248.0800000000
2021-02-28,IQV,IQVIA HOLDINGS INC COMMON STOCK USD.01,0.3692343600,2377679.0700000000
2021-02-28,TT,TRANE TECHNOLOGIES PLC COMMON STOCK USD1.0,0.3688286900,2375066.7600000000
2021-02-28,SPG,SIMON PROPERTY GROUP INC REIT USD.0001,0.3678610600,2368835.7600000000
2021-02-28,INFO,IHS MARKIT LTD COMMON STOCK USD.01,0.3605428400,2321710.1600000000
2021-02-28,LULU,LULULEMON ATHLETICA INC COMMON STOCK USD.005,0.3567666200,2297393.2800000000
2021-02-28,MPC,MARATHON PETROLEUM CORP COMMON STOCK USD.01,0.3561016900,2293111.4600000000
2021-02-28,VIAC,VIACOMCBS INC   CLASS B COMMON STOCK USD.001,0.3523999500,2269274.1200000000
2021-02-28,PRU,PRUDENTIAL FINANCIAL INC COMMON STOCK USD.01,0.3457630600,2226536.0000000000
2021-02-28,LUV,SOUTHWEST AIRLINES CO COMMON STOCK USD1.0,0.3451699700,2222716.8100000000
2021-02-28,MTCH,MATCH GROUP INC COMMON STOCK,0.3446995700,2219687.7000000000
2021-02-28,CTVA,CORTEVA INC COMMON STOCK USD.01,0.3411902300,2197089.3000000000
2021-02-28,ZBH,ZIMMER BIOMET HOLDINGS INC COMMON STOCK USD.01,0.3403010300,2191363.3400000000
2021-02-28,HLT,HILTON WORLDWIDE HOLDINGS IN COMMON STOCK USD.01,0.3400895900,2190001.7600000000
2021-02-28,MSCI,MSCI INC COMMON STOCK USD.01,0.3400752100,2189909.1600000000
2021-02-28,IFF,INTL FLAVORS + FRAGRANCES COMMON STOCK USD.125,0.3399805400,2189299.5600000000
2021-02-28,PANW,PALO ALTO NETWORKS INC COMMON STOCK USD.0001,0.3360259600,2163834.0900000000
2021-02-28,TTD,TRADE DESK INC/THE  CLASS A COMMON STOCK,0.3351891100,2158445.2000000000
2021-02-28,CRWD,CROWDSTRIKE HOLDINGS INC   A COMMON STOCK,0.3299965800,2125008.0000000000
2021-02-28,ALXN,ALEXION PHARMACEUTICALS INC COMMON STOCK USD.0001,0.3272764500,2107491.7500000000
2021-02-28,PINS,PINTEREST INC  CLASS A COMMON STOCK USD.00001,0.3260247300,2099431.3200000000
2021-02-28,MRVL,MARVELL TECHNOLOGY GROUP LTD COMMON STOCK USD.002,0.3240117100,2086468.4800000000
2021-02-28,CSGP,COSTAR GROUP INC COMMON STOCK USD.01,0.3235179600,2083289.0400000000
2021-02-28,ORLY,O REILLY AUTOMOTIVE INC COMMON STOCK USD.01,0.3219783200,2073374.5500000000
2021-02-28,XLNX,XILINX INC COMMON STOCK USD.01,0.3206364900,2064733.8000000000
2021-02-28,PPG,PPG INDUSTRIES INC COMMON STOCK USD1.67,0.3204115400,2063285.2800000000
2021-02-28,CARR,CARRIER GLOBAL CORP COMMON STOCK USD.01,0.3195836500,2057954.0800000000
2021-02-28,ADM,ARCHER DANIELS MIDLAND CO COMMON STOCK,0.3158014000,2033598.3600000000
2021-02-28,PCAR,PACCAR INC COMMON STOCK USD1.0,0.3109026600,2002052.9700000000
2021-02-28,XEL,XCEL ENERGY INC COMMON STOCK USD2.5,0.3103243800,1998329.1300000000
2021-02-28,PTON,PELOTON INTERACTIVE INC A COMMON STOCK USD.000025,0.3083081400,1985345.6000000000
2021-02-28,DAL,DELTA AIR LINES INC COMMON STOCK USD.0001,0.3079051300,1982750.4600000000
2021-02-28,TDG,TRANSDIGM GROUP INC COMMON STOCK USD.01,0.3034923900,1954334.6300000000
2021-02-28,OKTA,OKTA INC COMMON STOCK,0.3028434100,1950155.5500000000
2021-02-28,PXD,PIONEER NATURAL RESOURCES CO COMMON STOCK USD.01,0.3020549700,1945078.4400000000
2021-02-28,MSI,MOTOROLA SOLUTIONS INC COMMON STOCK USD.01,0.3006561700,1936070.8400000000
2021-02-28,RNG,RINGCENTRAL INC CLASS A COMMON STOCK USD.0001,0.2997921200,1930506.8000000000
2021-02-28,SWKS,SKYWORKS SOLUTIONS INC COMMON STOCK USD.25,0.2987007500,1923478.9400000000
2021-02-28,PAYX,PAYCHEX INC COMMON STOCK USD.01,0.2944172200,1895895.2600000000
2021-02-28,ANSS,ANSYS INC COMMON STOCK USD.01,0.2942597800,1894881.4300000000
2021-02-28,DFS,DISCOVER FINANCIAL SERVICES COMMON STOCK USD.01,0.2903986200,1870017.5300000000
2021-02-28,GLW,CORNING INC COMMON STOCK USD.5,0.2887707300,1859534.7200000000
2021-02-28,CTAS,CINTAS CORP COMMON STOCK,0.2883532700,1856846.5000000000
2021-02-28,FRC,FIRST REPUBLIC BANK/CA COMMON STOCK USD.01,0.2866214100,1845694.2500000000
2021-02-28,WLTW,WILLIS TOWERS WATSON PLC COMMON STOCK USD.000304635,0.2859983500,1841682.0800000000
2021-02-28,WELL,WELLTOWER INC REIT USD1.0,0.2859725500,1841515.9000000000
2021-02-28,ROK,ROCKWELL AUTOMATION INC COMMON STOCK USD1.0,0.2841012300,1829465.6000000000
2021-02-28,WMB,WILLIAMS COS INC COMMON STOCK USD1.0,0.2797804600,1801642.0400000000
2021-02-28,RMD,RESMED INC COMMON STOCK USD.004,0.2783558700,1792468.4400000000
2021-02-28,MCK,MCKESSON CORP COMMON STOCK USD.01,0.2759395600,1776908.6400000000
2021-02-28,ES,EVERSOURCE ENERGY COMMON STOCK USD5.0,0.2749561500,1770575.9600000000
2021-02-28,BLL,BALL CORP COMMON STOCK,0.2745959000,1768256.1200000000
2021-02-28,PEG,PUBLIC SERVICE ENTERPRISE GP COMMON STOCK,0.2739948800,1764385.9100000000
2021-02-28,DMH1,S+P MID 400 EMINI MAR21 XCME 20210319,0.0000000000,2993640.0000000000
2021-02-28,AZO,AUTOZONE INC COMMON STOCK USD.01,0.2727110800,1756118.8800000000
2021-02-28,AME,AMETEK INC COMMON STOCK USD.01,0.2724152500,1754213.9000000000
2021-02-28,SWK,STANLEY BLACK + DECKER INC COMMON STOCK USD2.5,0.2715395500,1748574.8400000000
2021-02-28,,SSC GOVERNMENT MM GVMXX,0.2702969100,1740572.8600000000
2021-02-28,FAST,FASTENAL CO COMMON STOCK USD.01,0.2674337300,1722135.4300000000
2021-02-28,KEYS,KEYSIGHT TECHNOLOGIES IN COMMON STOCK,0.2666019300,1716779.1200000000
2021-02-28,LYB,LYONDELLBASELL INDU CL A COMMON STOCK EUR.04,0.2662944500,1714799.0600000000
2021-02-28,MTD,METTLER TOLEDO INTERNATIONAL COMMON STOCK USD.01,0.2651697400,1707556.5000000000
2021-02-28,ZBRA,ZEBRA TECHNOLOGIES CORP CL A COMMON STOCK USD.01,0.2639279900,1699560.2900000000
2021-02-28,AMP,AMERIPRISE FINANCIAL INC COMMON STOCK USD.01,0.2629324800,1693149.7200000000
2021-02-28,OTIS,OTIS WORLDWIDE CORP COMMON STOCK USD.01,0.2619145600,1686594.8300000000
2021-02-28,ETSY,ETSY INC COMMON STOCK USD.001,0.2617796800,1685726.3100000000
2021-02-28,VRSK,VERISK ANALYTICS INC COMMON STOCK USD.001,0.2617738600,1685688.8000000000
2021-02-28,SIVB,SVB FINANCIAL GROUP COMMON STOCK USD.001,0.2615682600,1684364.8800000000
2021-02-28,AWK,AMERICAN WATER WORKS CO INC COMMON STOCK USD.01,0.2590398400,1668083.1600000000
2021-02-28,STT,STATE STREET CORP COMMON STOCK USD1.0,0.2580716500,1661848.4900000000
2021-02-28,VFC,VF CORP COMMON STOCK,0.2569718800,1654766.5600000000
2021-02-28,WEC,WEC ENERGY GROUP INC COMMON STOCK USD.01,0.2566160000,1652474.8800000000
2021-02-28,DHI,DR HORTON INC COMMON STOCK USD.01,0.2561265000,1649322.7200000000
2021-02-28,WY,WEYERHAEUSER CO REIT USD1.25,0.2548079800,1640832.1500000000
2021-02-28,CBRE,CBRE GROUP INC   A COMMON STOCK USD.01,0.2546734600,1639965.8800000000
2021-02-28,KR,KROGER CO COMMON STOCK USD1.0,0.2511380500,1617199.6800000000
2021-02-28,KKR,KKR + CO INC COMMON STOCK,0.2493902000,1605944.4400000000
2021-02-28,MXIM,MAXIM INTEGRATED PRODUCTS COMMON STOCK USD.001,0.2491628800,1604480.5700000000
2021-02-28,AVB,AVALONBAY COMMUNITIES INC REIT USD.01,0.2490718600,1603894.5000000000
2021-02-28,FITB,FIFTH THIRD BANCORP COMMON STOCK,0.2484896900,1600145.6300000000
2021-02-28,EQR,EQUITY RESIDENTIAL REIT USD.01,0.2421074600,1559047.3500000000
2021-02-28,YUMC,YUM CHINA HOLDINGS INC COMMON STOCK USD.01,0.2414421200,1554762.8800000000
2021-02-28,LBRDK,LIBERTY BROADBAND C COMMON STOCK USD.01,0.2404656700,1548475.0700000000
2021-02-28,COUP,COUPA SOFTWARE INC COMMON STOCK USD.0001,0.2396590500,1543280.8200000000
2021-02-28,TDOC,TELADOC HEALTH INC COMMON STOCK USD.001,0.2396134400,1542987.1100000000
2021-02-28,Z,ZILLOW GROUP INC   C COMMON STOCK,0.2349242900,1512791.4100000000
2021-02-28,LH,LABORATORY CRP OF AMER HLDGS COMMON STOCK USD.1,0.2343035200,1508793.9900000000
2021-02-28,DLTR,DOLLAR TREE INC COMMON STOCK USD.01,0.2320999300,1494604.0000000000
2021-02-28,BBY,BEST BUY CO INC COMMON STOCK USD.1,0.2307143800,1485681.7500000000
2021-02-28,AJG,ARTHUR J GALLAGHER + CO COMMON STOCK USD1.0,0.2304102000,1483723.0000000000
2021-02-28,FLT,FLEETCOR TECHNOLOGIES INC COMMON STOCK USD.001,0.2303062900,1483053.8800000000
2021-02-28,CLX,CLOROX COMPANY COMMON STOCK USD1.0,0.2301262100,1481894.2500000000
2021-02-28,SPLK,SPLUNK INC COMMON STOCK USD.001,0.2290119700,1474719.1200000000
2021-02-28,DTE,DTE ENERGY COMPANY COMMON STOCK,0.2277808300,1466791.2000000000
2021-02-28,SYF,SYNCHRONY FINANCIAL COMMON STOCK USD.001,0.2271670700,1462838.9200000000
2021-02-28,LEN,LENNAR CORP A COMMON STOCK USD.1,0.2264849900,1458446.6600000000
2021-02-28,FTNT,FORTINET INC COMMON STOCK USD.001,0.2261040400,1455993.5500000000
2021-02-28,CPRT,COPART INC COMMON STOCK,0.2255927800,1452701.2800000000
2021-02-28,OXY,OCCIDENTAL PETROLEUM CORP COMMON STOCK USD.2,0.2249716600,1448701.6200000000
2021-02-28,CDW,CDW CORP/DE COMMON STOCK USD.01,0.2241221400,1443231.1100000000
2021-02-28,VMC,VULCAN MATERIALS CO COMMON STOCK USD1.0,0.2223426700,1431772.2600000000
2021-02-28,ED,CONSOLIDATED EDISON INC COMMON STOCK USD.1,0.2215966700,1426968.4000000000
2021-02-28,EXPE,EXPEDIA GROUP INC COMMON STOCK USD.001,0.2191425300,1411165.0000000000
2021-02-28,HSY,HERSHEY CO/THE COMMON STOCK USD1.0,0.2165246900,1394307.4500000000
2021-02-28,URI,UNITED RENTALS INC COMMON STOCK USD.01,0.2156177500,1388467.2200000000
2021-02-28,ARE,ALEXANDRIA REAL ESTATE EQUIT REIT USD.01,0.2153011600,1386428.5800000000
2021-02-28,HUBS,HUBSPOT INC COMMON STOCK USD.001,0.2145738400,1381745.0000000000
2021-02-28,TER,TERADYNE INC COMMON STOCK USD.125,0.2142406600,1379599.4700000000
2021-02-28,O,REALTY INCOME CORP REIT USD1.0,0.2133131300,1373626.7000000000
2021-02-28,CERN,CERNER CORP COMMON STOCK USD.01,0.2118494500,1364201.3400000000
2021-02-28,TTWO,TAKE TWO INTERACTIVE SOFTWRE COMMON STOCK USD.01,0.2117735800,1363712.7800000000
2021-02-28,ODFL,OLD DOMINION FREIGHT LINE COMMON STOCK USD.1,0.2109850500,1358635.0200000000
2021-02-28,MLM,MARTIN MARIETTA MATERIALS COMMON STOCK USD.01,0.2108744700,1357922.9700000000
2021-02-28,MKC,MCCORMICK + CO NON VTG SHRS COMMON STOCK,0.2105859700,1356065.2000000000
2021-02-28,WDC,WESTERN DIGITAL CORP COMMON STOCK USD.01,0.2101825700,1353467.5000000000
2021-02-28,WST,WEST PHARMACEUTICAL SERVICES COMMON STOCK USD.25,0.2074535500,1335894.0000000000
2021-02-28,MKTX,MARKETAXESS HOLDINGS INC COMMON STOCK USD.003,0.2065085200,1329808.4800000000
2021-02-28,W,WAYFAIR INC  CLASS A COMMON STOCK USD.001,0.2060269100,1326707.1800000000
2021-02-28,EXAS,EXACT SCIENCES CORP COMMON STOCK USD.01,0.2037312900,1311924.5600000000
2021-02-28,PPL,PPL CORP COMMON STOCK USD.01,0.2032897000,1309080.9600000000
2021-02-28,GNRC,GENERAC HOLDINGS INC COMMON STOCK USD.01,0.2027672600,1305716.7200000000
2021-02-28,QRVO,QORVO INC COMMON STOCK USD.0001,0.2007656300,1292827.2700000000
2021-02-28,EPAM,EPAM SYSTEMS INC COMMON STOCK USD.001,0.1999901700,1287833.6700000000
2021-02-28,KSU,KANSAS CITY SOUTHERN COMMON STOCK USD.01,0.1996947100,1285931.0400000000
2021-02-28,RF,REGIONS FINANCIAL CORP COMMON STOCK USD.01,0.1996336400,1285537.8200000000
2021-02-28,VTR,VENTAS INC REIT USD.25,0.1988262600,1280338.7000000000
2021-02-28,MDB,MONGODB INC COMMON STOCK USD.001,0.1979547800,1274726.7900000000
2021-02-28,OKE,ONEOK INC COMMON STOCK USD.01,0.1976565000,1272806.0200000000
2021-02-28,VRSN,VERISIGN INC COMMON STOCK USD.001,0.1973900900,1271090.5300000000
2021-02-28,EFX,EQUIFAX INC COMMON STOCK USD1.25,0.1972379000,1270110.4800000000
2021-02-28,FTV,FORTIVE CORP COMMON STOCK USD.01,0.1971998200,1269865.2600000000
2021-02-28,KEY,KEYCORP COMMON STOCK USD1.0,0.1970500100,1268900.5600000000
2021-02-28,CHD,CHURCH + DWIGHT CO INC COMMON STOCK USD1.0,0.1970375000,1268820.0000000000
2021-02-28,IP,INTERNATIONAL PAPER CO COMMON STOCK USD1.0,0.1967037500,1266670.8000000000
2021-02-28,TSN,TYSON FOODS INC CL A COMMON STOCK USD.1,0.1959959800,1262113.1700000000
2021-02-28,KMX,CARMAX INC COMMON STOCK USD.5,0.1957596800,1260591.4800000000
2021-02-28,MTB,M + T BANK CORP COMMON STOCK USD.5,0.1946437900,1253405.7600000000
2021-02-28,EIX,EDISON INTERNATIONAL COMMON STOCK,0.1945137000,1252568.0000000000
2021-02-28,SGEN,SEAGEN INC COMMON STOCK USD.001,0.1928683900,1241973.0900000000
2021-02-28,HAL,HALLIBURTON CO COMMON STOCK USD2.5,0.1925261700,1239769.3600000000
2021-02-28,COO,COOPER COS INC/THE COMMON STOCK USD.1,0.1894227100,1219784.6700000000
2021-02-28,HPE,HEWLETT PACKARD ENTERPRISE COMMON STOCK USD.01,0.1891572200,1218075.0400000000
2021-02-28,RSG,REPUBLIC SERVICES INC COMMON STOCK USD.01,0.1882937700,1212514.9000000000
2021-02-28,ENPH,ENPHASE ENERGY INC COMMON STOCK USD.00001,0.1872837700,1206011.0000000000
2021-02-28,GRMN,GARMIN LTD COMMON STOCK CHF.1,0.1868537700,1203242.0400000000
2021-02-28,CFG,CITIZENS FINANCIAL GROUP COMMON STOCK USD.01,0.1864426600,1200594.7200000000
2021-02-28,TFX,TELEFLEX INC COMMON STOCK USD1.0,0.1862163600,1199137.4400000000
2021-02-28,HOLX,HOLOGIC INC COMMON STOCK USD.01,0.1861727600,1198856.7000000000
2021-02-28,TRMB,TRIMBLE INC COMMON STOCK,0.1861477300,1198695.5200000000
2021-02-28,CTLT,CATALENT INC COMMON STOCK USD.01,0.1860119500,1197821.1400000000
2021-02-28,PAYC,PAYCOM SOFTWARE INC COMMON STOCK USD.01,0.1856820600,1195696.8000000000
2021-02-28,TYL,TYLER TECHNOLOGIES INC COMMON STOCK USD.01,0.1850230000,1191452.8200000000
2021-02-28,TSCO,TRACTOR SUPPLY COMPANY COMMON STOCK USD.008,0.1850156100,1191405.2000000000
2021-02-28,IAC,IAC/INTERACTIVECORP COMMON STOCK USD.001,0.1848918500,1190608.2900000000
2021-02-28,NTRS,NORTHERN TRUST CORP COMMON STOCK USD1.667,0.1840558200,1185224.6700000000
2021-02-28,HIG,HARTFORD FINANCIAL SVCS GRP COMMON STOCK USD.01,0.1825222100,1175349.0300000000
2021-02-28,NUE,NUCOR CORP COMMON STOCK USD.4,0.1813973000,1168105.1400000000
2021-02-28,HES,HESS CORP COMMON STOCK USD1.0,0.1812293700,1167023.7700000000
2021-02-28,FE,FIRSTENERGY CORP COMMON STOCK USD.1,0.1809310800,1165102.9800000000
2021-02-28,VTRS,VIATRIS INC COMMON STOCK,0.1804673000,1162116.4500000000
2021-02-28,ALB,ALBEMARLE CORP COMMON STOCK USD.01,0.1804153500,1161781.9000000000
2021-02-28,DRI,DARDEN RESTAURANTS INC COMMON STOCK,0.1798441800,1158103.8900000000
2021-02-28,XYL,XYLEM INC COMMON STOCK,0.1792996400,1154597.3200000000
2021-02-28,MGM,MGM RESORTS INTERNATIONAL COMMON STOCK USD.01,0.1790943300,1153275.2200000000
2021-02-28,HZNP,HORIZON THERAPEUTICS PLC COMMON STOCK USD.0001,0.1785169100,1149556.9500000000
2021-02-28,DOV,DOVER CORP COMMON STOCK USD1.0,0.1783010500,1148166.9000000000
2021-02-28,AES,AES CORP COMMON STOCK USD.01,0.1768154800,1138600.6400000000
2021-02-28,ETR,ENTERGY CORP COMMON STOCK USD.01,0.1756560200,1131134.3000000000
2021-02-28,ULTA,ULTA BEAUTY INC COMMON STOCK USD.01,0.1747929200,1125576.3600000000
2021-02-28,AEE,AMEREN CORPORATION COMMON STOCK USD.01,0.1742813600,1122282.1700000000
2021-02-28,STNE,STONECO LTD A COMMON STOCK USD.000079365,0.1742188900,1121879.9400000000
2021-02-28,AMCR,AMCOR PLC COMMON STOCK USD.01,0.1736575100,1118264.9200000000
2021-02-28,RCL,ROYAL CARIBBEAN CRUISES LTD COMMON STOCK USD.01,0.1723605300,1109913.0000000000
2021-02-28,ALNY,ALNYLAM PHARMACEUTICALS INC COMMON STOCK USD.01,0.1720995300,1108232.3000000000
2021-02-28,PODD,INSULET CORP COMMON STOCK USD.001,0.1711645300,1102211.4000000000
2021-02-28,ZEN,ZENDESK INC COMMON STOCK USD.01,0.1698446000,1093711.7600000000
2021-02-28,BURL,BURLINGTON STORES INC COMMON STOCK USD.0001,0.1693718500,1090667.4800000000
2021-02-28,WAT,WATERS CORP COMMON STOCK USD.01,0.1687218700,1086481.9600000000
2021-02-28,ESS,ESSEX PROPERTY TRUST INC REIT USD.0001,0.1672885500,1077252.1200000000
2021-02-28,GWW,WW GRAINGER INC COMMON STOCK USD.5,0.1670383700,1075641.0600000000
2021-02-28,CAG,CONAGRA BRANDS INC COMMON STOCK USD5.0,0.1666233300,1072968.3900000000
2021-02-28,CTXS,CITRIX SYSTEMS INC COMMON STOCK USD.001,0.1658059500,1067704.9400000000
2021-02-28,ANET,ARISTA NETWORKS INC COMMON STOCK USD.0001,0.1653969300,1065071.0400000000
2021-02-28,INVH,INVITATION HOMES INC REIT USD.01,0.1646270200,1060113.2000000000
2021-02-28,ON,ON SEMICONDUCTOR CORP COMMON STOCK USD.01,0.1644635800,1059060.7300000000
2021-02-28,BR,BROADRIDGE FINANCIAL SOLUTIO COMMON STOCK USD.01,0.1642085200,1057418.2900000000
2021-02-28,MPWR,MONOLITHIC POWER SYSTEMS INC COMMON STOCK USD.001,0.1641273300,1056895.4400000000
2021-02-28,CE,CELANESE CORP COMMON STOCK USD.0001,0.1628871600,1048909.4100000000
2021-02-28,SUI,SUN COMMUNITIES INC REIT USD.01,0.1618491300,1042225.0500000000
2021-02-28,BKR,BAKER HUGHES CO COMMON STOCK USD.0001,0.1617862100,1041819.8400000000
2021-02-28,IR,INGERSOLL RAND INC COMMON STOCK USD.01,0.1616488600,1040935.4200000000
2021-02-28,TRU,TRANSUNION COMMON STOCK USD.01,0.1610841200,1037298.7800000000
2021-02-28,VAR,VARIAN MEDICAL SYSTEMS INC COMMON STOCK USD1.0,0.1600963700,1030938.1400000000
2021-02-28,EXR,EXTRA SPACE STORAGE INC REIT USD.01,0.1595775900,1027597.5000000000
2021-02-28,CVNA,CARVANA CO COMMON STOCK USD.001,0.1593714400,1026270.0000000000
2021-02-28,NDAQ,NASDAQ INC COMMON STOCK USD.01,0.1593468800,1026111.8000000000
2021-02-28,PEAK,HEALTHPEAK PROPERTIES INC REIT USD1.0,0.1579162200,1016899.1300000000
2021-02-28,WORK,SLACK TECHNOLOGIES INC  CL A COMMON STOCK USD.0001,0.1571100400,1011707.7400000000
2021-02-28,LNG,CHENIERE ENERGY INC COMMON STOCK USD.003,0.1570187000,1011119.5600000000
2021-02-28,EXPD,EXPEDITORS INTL WASH INC COMMON STOCK USD.01,0.1561262300,1005372.4800000000
2021-02-28,ALLY,ALLY FINANCIAL INC COMMON STOCK USD.1,0.1560176800,1004673.5000000000
2021-02-28,HBAN,HUNTINGTON BANCSHARES INC COMMON STOCK USD.01,0.1559945500,1004524.5600000000
2021-02-28,IT,GARTNER INC COMMON STOCK USD.0005,0.1559496400,1004235.3600000000
2021-02-28,CMS,CMS ENERGY CORP COMMON STOCK USD.01,0.1556459200,1002279.5300000000
2021-02-28,DGX,QUEST DIAGNOSTICS INC COMMON STOCK USD.01,0.1555743300,1001818.5300000000
2021-02-28,BXP,BOSTON PROPERTIES INC REIT USD.01,0.1552339900,999626.9200000000
2021-02-28,PFG,PRINCIPAL FINANCIAL GROUP COMMON STOCK USD.01,0.1546760900,996034.3200000000
2021-02-28,MAA,MID AMERICA APARTMENT COMM REIT USD.01,0.1544497500,994576.8600000000
2021-02-28,UAL,UNITED AIRLINES HOLDINGS INC COMMON STOCK USD.01,0.1538477200,990700.0800000000
2021-02-28,VICI,VICI PROPERTIES INC REIT USD.01,0.1533590800,987553.5000000000
2021-02-28,NVR,NVR INC COMMON STOCK USD.01,0.1530687600,985683.9600000000
2021-02-28,AKAM,AKAMAI TECHNOLOGIES INC COMMON STOCK USD.01,0.1521513000,979776.0000000000
2021-02-28,CAH,CARDINAL HEALTH INC COMMON STOCK,0.1517481400,977179.8400000000
2021-02-28,NVCR,NOVOCURE LTD COMMON STOCK,0.1511726400,973473.9000000000
2021-02-28,ELAN,ELANCO ANIMAL HEALTH INC COMMON STOCK,0.1503159100,967957.0200000000
2021-02-28,SSNC,SS+C TECHNOLOGIES HOLDINGS COMMON STOCK USD.01,0.1499035900,965301.9200000000
2021-02-28,EMN,EASTMAN CHEMICAL CO COMMON STOCK USD.01,0.1490907500,960067.6200000000
2021-02-28,ZS,ZSCALER INC COMMON STOCK USD.001,0.1490407100,959745.4300000000
2021-02-28,GPC,GENUINE PARTS CO COMMON STOCK USD1.0,0.1489742000,959317.1000000000
2021-02-28,ABC,AMERISOURCEBERGEN CORP COMMON STOCK USD.01,0.1485255100,956427.7800000000
2021-02-28,MKL,MARKEL CORP COMMON STOCK,0.1481157000,953788.8000000000
2021-02-28,IEX,IDEX CORP COMMON STOCK USD.01,0.1479955500,953015.1100000000
2021-02-28,STE,STERIS PLC COMMON STOCK USD75.0,0.1479132600,952485.2000000000
2021-02-28,CINF,CINCINNATI FINANCIAL CORP COMMON STOCK USD2.0,0.1475006700,949828.3500000000
2021-02-28,OMC,OMNICOM GROUP COMMON STOCK USD.15,0.1471089100,947305.5900000000
2021-02-28,AVY,AVERY DENNISON CORP COMMON STOCK USD1.0,0.1467637200,945082.7400000000
2021-02-28,SEDG,SOLAREDGE TECHNOLOGIES INC COMMON STOCK USD.0001,0.1466653700,944449.4600000000
2021-02-28,DDOG,DATADOG INC   CLASS A COMMON STOCK USD.00001,0.1463860600,942650.8000000000
2021-02-28,K,KELLOGG CO COMMON STOCK USD.25,0.1458996800,939518.8000000000
2021-02-28,DRE,DUKE REALTY CORP REIT USD.01,0.1455352800,937172.2500000000
2021-02-28,J,JACOBS ENGINEERING GROUP INC COMMON STOCK USD1.0,0.1449873800,933644.0400000000
2021-02-28,ABMD,ABIOMED INC COMMON STOCK USD.01,0.1445975800,931133.9500000000
2021-02-28,RJF,RAYMOND JAMES FINANCIAL INC COMMON STOCK USD.01,0.1442325700,928783.4400000000
2021-02-28,INCY,INCYTE CORP COMMON STOCK USD.001,0.1442011800,928581.3000000000
2021-02-28,PTC,PTC INC COMMON STOCK USD.01,0.1437347100,925577.4600000000
2021-02-28,ENTG,ENTEGRIS INC COMMON STOCK USD.01,0.1418324600,913328.0100000000
2021-02-28,ACGL,ARCH CAPITAL GROUP LTD COMMON STOCK USD.01,0.1417506300,912801.0600000000
2021-02-28,PKI,PERKINELMER INC COMMON STOCK USD1.0,0.1412360100,909487.1700000000
2021-02-28,BMRN,BIOMARIN PHARMACEUTICAL INC COMMON STOCK USD.001,0.1407919900,906627.8700000000
2021-02-28,MAS,MASCO CORP COMMON STOCK USD1.0,0.1407384900,906283.3800000000
2021-02-28,CRL,CHARLES RIVER LABORATORIES COMMON STOCK USD.01,0.1405930700,905346.9600000000
2021-02-28,DISCK,DISCOVERY INC C COMMON STOCK USD.01,0.1403217800,903600.0000000000
2021-02-28,PCG,P G + E CORP COMMON STOCK,0.1400814300,902052.2800000000
2021-02-28,NTAP,NETAPP INC COMMON STOCK USD.001,0.1394322400,897871.8000000000
2021-02-28,CGNX,COGNEX CORP COMMON STOCK USD.002,0.1392599300,896762.2200000000
2021-02-28,AVTR,AVANTOR INC COMMON STOCK USD.01,0.1388417900,894069.6000000000
2021-02-28,LYFT,LYFT INC A COMMON STOCK USD.00001,0.1384048100,891255.7000000000
2021-02-28,TECH,BIO TECHNE CORP COMMON STOCK USD.01,0.1382283100,890119.0900000000
2021-02-28,CCL,CARNIVAL CORP COMMON STOCK USD.01,0.1377029000,886735.7500000000
2021-02-28,WYNN,WYNN RESORTS LTD COMMON STOCK USD.01,0.1375093000,885489.0600000000
2021-02-28,GDDY,GODADDY INC   CLASS A COMMON STOCK USD.001,0.1372725700,883964.6400000000
2021-02-28,DPZ,DOMINO S PIZZA INC COMMON STOCK USD.01,0.1358707700,874937.7500000000
2021-02-28,TDY,TELEDYNE TECHNOLOGIES INC COMMON STOCK USD.01,0.1353336500,871479.0000000000
2021-02-28,LUMN,LUMEN TECHNOLOGIES INC COMMON STOCK USD1.0,0.1352981500,871250.3900000000
2021-02-28,FMC,FMC CORP COMMON STOCK USD.1,0.1324918200,853179.1000000000
2021-02-28,WAB,WABTEC CORP COMMON STOCK USD.01,0.1318691400,849169.3200000000
2021-02-28,POOL,POOL CORP COMMON STOCK USD.001,0.1305395500,840607.4700000000
2021-02-28,HRL,HORMEL FOODS CORP COMMON STOCK USD.01465,0.1303360500,839297.0000000000
2021-02-28,BF.B,BROWN FORMAN CORP CLASS B COMMON STOCK USD.15,0.1301993200,838416.5400000000
2021-02-28,AVLR,AVALARA INC COMMON STOCK USD.0001,0.1301926300,838373.4800000000
2021-02-28,FICO,FAIR ISAAC CORP COMMON STOCK USD.01,0.1288205800,829538.1500000000
2021-02-28,MOH,MOLINA HEALTHCARE INC COMMON STOCK USD.001,0.1281477200,825205.3200000000
2021-02-28,DVN,DEVON ENERGY CORP COMMON STOCK USD.1,0.1277350600,822547.9800000000
2021-02-28,LYV,LIVE NATION ENTERTAINMENT IN COMMON STOCK USD.01,0.1267736200,816356.8200000000
2021-02-28,CHGG,CHEGG INC COMMON STOCK USD.001,0.1264434300,814230.5500000000
2021-02-28,NUAN,NUANCE COMMUNICATIONS INC COMMON STOCK USD.001,0.1260743400,811853.8000000000
2021-02-28,LB,L BRANDS INC COMMON STOCK USD.5,0.1260421200,811646.3400000000
2021-02-28,CREE,CREE INC COMMON STOCK USD.00125,0.1259612500,811125.5400000000
2021-02-28,CCK,CROWN HOLDINGS INC COMMON STOCK USD5.0,0.1245792500,802226.2000000000
2021-02-28,SJM,JM SMUCKER CO/THE COMMON STOCK,0.1244795200,801584.0000000000
2021-02-28,PKG,PACKAGING CORP OF AMERICA COMMON STOCK USD.01,0.1243629500,800833.3200000000
2021-02-28,MTN,VAIL RESORTS INC COMMON STOCK USD.01,0.1242100400,799848.6600000000
2021-02-28,BIO,BIO RAD LABORATORIES A COMMON STOCK USD.0001,0.1241708000,799596.0000000000
2021-02-28,JBHT,HUNT (JB) TRANSPRT SVCS INC COMMON STOCK USD.01,0.1238687500,797650.9700000000
2021-02-28,MASI,MASIMO CORP COMMON STOCK USD.001,0.1232335300,793560.4500000000
2021-02-28,MPW,MEDICAL PROPERTIES TRUST INC REIT USD.001,0.1223285300,787732.7400000000
2021-02-28,EVRG,EVERGY INC COMMON STOCK,0.1220929600,786215.8000000000
2021-02-28,SBNY,SIGNATURE BANK COMMON STOCK USD.01,0.1217580200,784058.9400000000
2021-02-28,GH,GUARDANT HEALTH INC COMMON STOCK USD.00001,0.1215703500,782850.4200000000
2021-02-28,BILL,BILL.COM HOLDINGS INC COMMON STOCK USD.00001,0.1213586800,781487.3600000000
2021-02-28,UDR,UDR INC REIT USD.01,0.1213269500,781283.0900000000
2021-02-28,PHM,PULTEGROUP INC COMMON STOCK USD.01,0.1212813500,780989.4300000000
2021-02-28,CHRW,C.H. ROBINSON WORLDWIDE INC COMMON STOCK USD.1,0.1211336200,780038.1000000000
2021-02-28,WPC,WP CAREY INC REIT USD.001,0.1199865300,772651.4200000000
2021-02-28,LKQ,LKQ CORP COMMON STOCK USD.01,0.1199289000,772280.3400000000
2021-02-28,HAS,HASBRO INC COMMON STOCK USD.5,0.1198245100,771608.1400000000
2021-02-28,LDOS,LEIDOS HOLDINGS INC COMMON STOCK USD.0001,0.1196917600,770753.3000000000
2021-02-28,EQH,EQUITABLE HOLDINGS INC COMMON STOCK USD.01,0.1193088800,768287.7400000000
2021-02-28,NLY,ANNALY CAPITAL MANAGEMENT IN REIT USD.01,0.1176836600,757822.1400000000
2021-02-28,TPR,TAPESTRY INC COMMON STOCK USD.01,0.1176153400,757382.2200000000
2021-02-28,LW,LAMB WESTON HOLDINGS INC COMMON STOCK USD1.0,0.1170507800,753746.7300000000
2021-02-28,BKI,BLACK KNIGHT INC COMMON STOCK,0.1166996000,751485.3100000000
2021-02-28,XRAY,DENTSPLY SIRONA INC COMMON STOCK USD.01,0.1166644400,751258.9200000000
2021-02-28,HST,HOST HOTELS + RESORTS INC REIT USD.01,0.1166365100,751079.0700000000
2021-02-28,WHR,WHIRLPOOL CORP COMMON STOCK USD1.0,0.1165366300,750435.8400000000
2021-02-28,FFIV,F5 NETWORKS INC COMMON STOCK,0.1164458100,749851.0600000000
2021-02-28,LNT,ALLIANT ENERGY CORP COMMON STOCK USD.01,0.1159468500,746638.0000000000
2021-02-28,PWR,QUANTA SERVICES INC COMMON STOCK USD.00001,0.1157066300,745091.1000000000
2021-02-28,TXT,TEXTRON INC COMMON STOCK USD.125,0.1152284100,742011.6000000000
2021-02-28,GGG,GRACO INC COMMON STOCK USD1.0,0.1151582100,741559.5500000000
2021-02-28,FBHS,FORTUNE BRANDS HOME + SECURI COMMON STOCK USD.01,0.1151142100,741276.2400000000
2021-02-28,FIVN,FIVE9 INC COMMON STOCK USD.001,0.1148925100,739848.5600000000
2021-02-28,AAL,AMERICAN AIRLINES GROUP INC COMMON STOCK,0.1144800700,737192.7000000000
2021-02-28,IWR,ISHARES RUSSELL MID CAP ETF ISHARES RUSSELL MID CAP ETF,0.1142998300,736032.0000000000
2021-02-28,JKHY,JACK HENRY + ASSOCIATES INC COMMON STOCK USD.01,0.1138054200,732848.2800000000
2021-02-28,FDS,FACTSET RESEARCH SYSTEMS INC COMMON STOCK USD.01,0.1134562200,730599.6400000000
2021-02-28,QGEN,QIAGEN N.V. COMMON STOCK EUR.01,0.1130758100,728150.0000000000
2021-02-28,L,LOEWS CORP COMMON STOCK USD.01,0.1125109800,724512.7400000000
2021-02-28,WRK,WESTROCK CO COMMON STOCK,0.1124495300,724117.0800000000
2021-02-28,FOXA,FOX CORP   CLASS A COMMON STOCK USD.01,0.1118871000,720495.3000000000
2021-02-28,HWM,HOWMET AEROSPACE INC COMMON STOCK,0.1115235600,718154.2800000000
2021-02-28,RGEN,REPLIGEN CORP COMMON STOCK USD.01,0.1114806900,717878.2000000000
2021-02-28,NDSN,NORDSON CORP COMMON STOCK,0.1110928000,715380.3800000000
2021-02-28,BWA,BORGWARNER INC COMMON STOCK USD.01,0.1103426800,710550.0000000000
2021-02-28,LNC,LINCOLN NATIONAL CORP COMMON STOCK,0.1100663800,708770.8100000000
2021-02-28,SNA,SNAP ON INC COMMON STOCK USD1.0,0.1098269600,707229.0200000000
2021-02-28,FANG,DIAMONDBACK ENERGY INC COMMON STOCK USD.01,0.1097379700,706656.0000000000
2021-02-28,BRO,BROWN + BROWN INC COMMON STOCK USD.1,0.1087574900,700342.2000000000
2021-02-28,TTC,TORO CO COMMON STOCK USD1.0,0.1082738200,697227.6300000000
2021-02-28,ELS,EQUITY LIFESTYLE PROPERTIES REIT USD.01,0.1077908200,694117.3500000000
2021-02-28,NLOK,NORTONLIFELOCK INC COMMON STOCK USD.01,0.1077195700,693658.5400000000
2021-02-28,CBOE,CBOE GLOBAL MARKETS INC COMMON STOCK,0.1072664700,690740.8000000000
2021-02-28,TREX,TREX COMPANY INC COMMON STOCK USD.01,0.1064902100,685742.1200000000
2021-02-28,XPO,XPO LOGISTICS INC COMMON STOCK USD.001,0.1063969600,685141.6000000000
2021-02-28,ATO,ATMOS ENERGY CORP COMMON STOCK,0.1061520000,683564.1900000000
2021-02-28,AAP,ADVANCE AUTO PARTS INC COMMON STOCK USD.0001,0.1058793100,681808.2000000000
2021-02-28,FNF,FIDELITY NATIONAL FINANCIAL COMMON STOCK USD.0001,0.1057421000,680924.6400000000
2021-02-28,BAH,BOOZ ALLEN HAMILTON HOLDINGS COMMON STOCK USD.01,0.1048780600,675360.7000000000
2021-02-28,BG,BUNGE LTD COMMON STOCK USD.01,0.1043664300,672066.0800000000
2021-02-28,AXON,AXON ENTERPRISE INC COMMON STOCK USD.00001,0.1040049100,669738.0300000000
2021-02-28,CDAY,CERIDIAN HCM HOLDING INC COMMON STOCK USD.01,0.1038134200,668504.9600000000
2021-02-28,LPLA,LPL FINANCIAL HOLDINGS INC COMMON STOCK,0.1037696700,668223.2000000000
2021-02-28,CABO,CABLE ONE INC COMMON STOCK USD.01,0.1031841800,664452.9500000000
2021-02-28,TXG,10X GENOMICS INC CLASS A COMMON STOCK,0.1031816500,664436.6700000000
2021-02-28,RPM,RPM INTERNATIONAL INC COMMON STOCK USD.01,0.1023159000,658861.7200000000
2021-02-28,AZPN,ASPEN TECHNOLOGY INC COMMON STOCK USD.1,0.1022334500,658330.7400000000
2021-02-28,EWBC,EAST WEST BANCORP INC COMMON STOCK USD.001,0.1022311100,658315.6800000000
2021-02-28,MHK,MOHAWK INDUSTRIES INC COMMON STOCK USD.01,0.1021490700,657787.4100000000
2021-02-28,FIVE,FIVE BELOW COMMON STOCK USD.01,0.1020851600,657375.8400000000
2021-02-28,MOS,MOSAIC CO/THE COMMON STOCK USD.01,0.1020544700,657178.2000000000
2021-02-28,IPG,INTERPUBLIC GROUP OF COS INC COMMON STOCK USD.1,0.1019897200,656761.2800000000
2021-02-28,WSM,WILLIAMS SONOMA INC COMMON STOCK USD.01,0.1013093500,652380.0100000000
2021-02-28,NBIX,NEUROCRINE BIOSCIENCES INC COMMON STOCK USD.001,0.1012198200,651803.5200000000
2021-02-28,ALLE,ALLEGION PLC COMMON STOCK USD.01,0.1007140100,648546.3600000000
2021-02-28,ZG,ZILLOW GROUP INC   A COMMON STOCK USD.0001,0.1004760800,647014.2000000000
2021-02-28,LEA,LEAR CORP COMMON STOCK USD.01,0.0999714800,643764.8400000000
2021-02-28,IRM,IRON MOUNTAIN INC REIT USD.01,0.0999590200,643684.5800000000
2021-02-28,DOX,AMDOCS LTD COMMON STOCK GBP.0001,0.0998794200,643172.0400000000
2021-02-28,ZNGA,ZYNGA INC   CL A COMMON STOCK USD.00000625,0.0998489600,642975.9000000000
2021-02-28,ATUS,ALTICE USA INC  A COMMON STOCK USD.01,0.0988808100,636741.4500000000
2021-02-28,CPT,CAMDEN PROPERTY TRUST REIT USD.01,0.0987401600,635835.7500000000
2021-02-28,CNP,CENTERPOINT ENERGY INC COMMON STOCK USD.01,0.0983791000,633510.7200000000
2021-02-28,LII,LENNOX INTERNATIONAL INC COMMON STOCK USD.01,0.0972322000,626125.2600000000
2021-02-28,CF,CF INDUSTRIES HOLDINGS INC COMMON STOCK USD.01,0.0971418100,625543.2000000000
2021-02-28,WRB,WR BERKLEY CORP COMMON STOCK USD.2,0.0969944000,624593.9700000000
2021-02-28,GLPI,GAMING AND LEISURE PROPERTIE REIT,0.0969086800,624042.0000000000
2021-02-28,GL,GLOBE LIFE INC COMMON STOCK USD1.0,0.0968014700,623351.6000000000
2021-02-28,HUBB,HUBBELL INC COMMON STOCK USD.01,0.0963978500,620752.4700000000
2021-02-28,RE,EVEREST RE GROUP LTD COMMON STOCK USD.01,0.0961684700,619275.4100000000
2021-02-28,WU,WESTERN UNION CO COMMON STOCK USD.01,0.0961399300,619091.6400000000
2021-02-28,BFAM,BRIGHT HORIZONS FAMILY SOLUT COMMON STOCK USD.001,0.0960268100,618363.1800000000
2021-02-28,CMA,COMERICA INC COMMON STOCK USD5.0,0.0951995700,613036.2000000000
2021-02-28,WTRG,ESSENTIAL UTILITIES INC COMMON STOCK USD.5,0.0945315300,608734.3800000000
2021-02-28,PEN,PENUMBRA INC COMMON STOCK USD.001,0.0941697600,606404.7600000000
2021-02-28,NCLH,NORWEGIAN CRUISE LINE HOLDIN COMMON STOCK USD.001,0.0940533100,605654.8400000000
2021-02-28,PRAH,PRA HEALTH SCIENCES INC COMMON STOCK USD.01,0.0939699500,605118.0500000000
2021-02-28,GWRE,GUIDEWIRE SOFTWARE INC COMMON STOCK USD.0001,0.0936423800,603008.6700000000
2021-02-28,PNR,PENTAIR PLC COMMON STOCK USD.01,0.0931951700,600128.9000000000
2021-02-28,UHS,UNIVERSAL HEALTH SERVICES B COMMON STOCK USD.01,0.0927399400,597197.4500000000
2021-02-28,REG,REGENCY CENTERS CORP REIT USD.01,0.0927251200,597102.0000000000
2021-02-28,WEX,WEX INC COMMON STOCK USD.01,0.0926325700,596506.0500000000
2021-02-28,DT,DYNATRACE INC COMMON STOCK USD.001,0.0919088200,591845.4400000000
2021-02-28,SAM,BOSTON BEER COMPANY INC A COMMON STOCK USD.01,0.0918564500,591508.2500000000
2021-02-28,NWSA,NEWS CORP   CLASS A COMMON STOCK USD.01,0.0915387900,589462.6500000000
2021-02-28,OLED,UNIVERSAL DISPLAY CORP COMMON STOCK USD.01,0.0912904000,587863.1300000000
2021-02-28,JAZZ,JAZZ PHARMACEUTICALS PLC COMMON STOCK USD.0001,0.0912812000,587803.9200000000
2021-02-28,HEI.A,HEICO CORP CLASS A COMMON STOCK USD.01,0.0909076300,585398.3200000000
2021-02-28,MKSI,MKS INSTRUMENTS INC COMMON STOCK,0.0904461800,582426.8000000000
2021-02-28,FND,FLOOR + DECOR HOLDINGS INC A COMMON STOCK USD.001,0.0900473900,579858.8200000000
2021-02-28,JLL,JONES LANG LASALLE INC COMMON STOCK USD.01,0.0899689000,579353.4000000000
2021-02-28,WAL,WESTERN ALLIANCE BANCORP COMMON STOCK USD.0001,0.0897978200,578251.6900000000
2021-02-28,NRG,NRG ENERGY INC COMMON STOCK USD.01,0.0896324200,577186.5900000000
2021-02-28,ESTC,ELASTIC NV COMMON STOCK EUR.01,0.0895726700,576801.8800000000
2021-02-28,NWL,NEWELL BRANDS INC COMMON STOCK USD1.0,0.0893555600,575403.7800000000
2021-02-28,ACM,AECOM COMMON STOCK USD.01,0.0893141500,575137.1500000000
2021-02-28,ST,SENSATA TECHNOLOGIES HOLDING COMMON STOCK EUR.01,0.0892781300,574905.1500000000
2021-02-28,FHN,FIRST HORIZON CORP COMMON STOCK USD.625,0.0892530400,574743.6000000000
2021-02-28,CPB,CAMPBELL SOUP CO COMMON STOCK USD.0375,0.0892086700,574457.8800000000
2021-02-28,Y,ALLEGHANY CORP COMMON STOCK USD1.0,0.0891422000,574029.8400000000
2021-02-28,HSIC,HENRY SCHEIN INC COMMON STOCK USD.01,0.0885563100,570257.0000000000
2021-02-28,AGNC,AGNC INVESTMENT CORP REIT USD.01,0.0882069000,568007.0200000000
2021-02-28,MRO,MARATHON OIL CORP COMMON STOCK USD1.0,0.0878969700,566011.2000000000
2021-02-28,FWONK,LIBERTY MEDIA CORP LIBERTY C TRACKING STK USD.01,0.0878070200,565432.0000000000
2021-02-28,KSS,KOHLS CORP COMMON STOCK USD.01,0.0877721600,565207.5000000000
2021-02-28,RHI,ROBERT HALF INTL INC COMMON STOCK USD.001,0.0876777900,564599.8200000000
2021-02-28,GNTX,GENTEX CORP COMMON STOCK USD.06,0.0876439300,564381.7600000000
2021-02-28,OC,OWENS CORNING COMMON STOCK USD.001,0.0874431700,563089.0000000000
2021-02-28,SMG,SCOTTS MIRACLE GRO CO COMMON STOCK USD.01,0.0871866500,561437.1000000000
2021-02-28,PLAN,ANAPLAN INC COMMON STOCK USD.0001,0.0868049200,558978.9900000000
2021-02-28,ZION,ZIONS BANCORP NA COMMON STOCK USD.001,0.0862182500,555201.1400000000
2021-02-28,VER,VEREIT INC REIT USD.01,0.0861278500,554619.0000000000
2021-02-28,AMH,AMERICAN HOMES 4 RENT  A REIT USD.01,0.0858014300,552517.0200000000
2021-02-28,ARMK,ARAMARK COMMON STOCK USD.01,0.0855384700,550823.6800000000
2021-02-28,IVZ,INVESCO LTD COMMON STOCK USD.2,0.0853455600,549581.4600000000
2021-02-28,APO,APOLLO GLOBAL MANAGEMENT INC COMMON STOCK,0.0851717100,548461.9400000000
2021-02-28,RNR,RENAISSANCERE HOLDINGS LTD COMMON STOCK USD1.0,0.0849487900,547026.4800000000
2021-02-28,VST,VISTRA CORP COMMON STOCK USD.01,0.0846469500,545082.7500000000
2021-02-28,OHI,OMEGA HEALTHCARE INVESTORS REIT USD.1,0.0843676100,543283.9200000000
2021-02-28,RS,RELIANCE STEEL + ALUMINUM COMMON STOCK,0.0842329200,542416.6000000000
2021-02-28,STLD,STEEL DYNAMICS INC COMMON STOCK USD.005,0.0841610400,541953.7200000000
2021-02-28,ATR,APTARGROUP INC COMMON STOCK USD.01,0.0839867000,540831.0600000000
2021-02-28,NYT,NEW YORK TIMES CO A COMMON STOCK USD.1,0.0836346800,538564.2500000000
2021-02-28,RGA,REINSURANCE GROUP OF AMERICA COMMON STOCK USD.01,0.0835937900,538300.9200000000
2021-02-28,DISCA,DISCOVERY INC   A COMMON STOCK USD.01,0.0835618700,538095.4100000000
2021-02-28,NI,NISOURCE INC COMMON STOCK USD.01,0.0835054400,537732.0000000000
2021-02-28,GLOB,GLOBANT SA COMMON STOCK USD1.2,0.0834940800,537658.8800000000
2021-02-28,AMED,AMEDISYS INC COMMON STOCK USD.001,0.0815730500,525288.4400000000
2021-02-28,STOR,STORE CAPITAL CORP REIT USD.01,0.0814983400,524807.3600000000
2021-02-28,NET,CLOUDFLARE INC   CLASS A COMMON STOCK USD.001,0.0814309400,524373.3300000000
2021-02-28,MIDD,MIDDLEBY CORP COMMON STOCK USD.01,0.0814186600,524294.2100000000
2021-02-28,IPGP,IPG PHOTONICS CORP COMMON STOCK USD.0001,0.0813441500,523814.4000000000
2021-02-28,SCI,SERVICE CORP INTERNATIONAL COMMON STOCK USD1.0,0.0813171600,523640.6400000000
2021-02-28,USFD,US FOODS HOLDING CORP COMMON STOCK USD.01,0.0808808600,520831.1000000000
2021-02-28,AGCO,AGCO CORP COMMON STOCK USD.01,0.0807304000,519862.2000000000
2021-02-28,NLSN,NIELSEN HOLDINGS PLC COMMON STOCK EUR.07,0.0806232900,519172.4700000000
2021-02-28,CIEN,CIENA CORP COMMON STOCK USD.01,0.0805459100,518674.1400000000
2021-02-28,UGI,UGI CORP COMMON STOCK,0.0804574400,518104.4400000000
2021-02-28,WSO,WATSCO INC COMMON STOCK USD.5,0.0799576100,514885.8000000000
2021-02-28,EHC,ENCOMPASS HEALTH CORP COMMON STOCK USD.01,0.0799467700,514816.0000000000
2021-02-28,TAP,MOLSON COORS BEVERAGE CO   B COMMON STOCK USD.01,0.0798852500,514419.8500000000
2021-02-28,AOS,SMITH (A.O.) CORP COMMON STOCK USD1.0,0.0795750700,512422.4700000000
2021-02-28,IAA,IAA INC COMMON STOCK USD.01,0.0794755000,511781.2700000000
2021-02-28,PNW,PINNACLE WEST CAPITAL COMMON STOCK,0.0794485700,511607.8800000000
2021-02-28,IPHI,INPHI CORP COMMON STOCK,0.0794389200,511545.7200000000
2021-02-28,CONE,CYRUSONE INC REIT USD.01,0.0792922700,510601.4000000000
2021-02-28,ALK,ALASKA AIR GROUP INC COMMON STOCK USD.01,0.0787067500,506830.9000000000
2021-02-28,DVA,DAVITA INC COMMON STOCK USD.001,0.0786178400,506258.4100000000
2021-02-28,MANH,MANHATTAN ASSOCIATES INC COMMON STOCK USD.01,0.0785110000,505570.4000000000
2021-02-28,CBSH,COMMERCE BANCSHARES INC COMMON STOCK USD5.0,0.0785079700,505550.8700000000
2021-02-28,DISH,DISH NETWORK CORP A COMMON STOCK USD.01,0.0781892200,503498.2900000000
2021-02-28,SMAR,SMARTSHEET INC CLASS A COMMON STOCK,0.0780630400,502685.7500000000
2021-02-28,LSXMK,LIBERTY MEDIA COR SIRIUSXM C TRACKING STK USD.01,0.0773189500,497894.2000000000
2021-02-28,JNPR,JUNIPER NETWORKS INC COMMON STOCK USD.00001,0.0773145800,497866.0800000000
2021-02-28,CSL,CARLISLE COS INC COMMON STOCK USD1.0,0.0770292600,496028.7500000000
2021-02-28,RP,REALPAGE INC COMMON STOCK USD.001,0.0769492900,495513.8000000000
2021-02-28,FRT,FEDERAL REALTY INVS TRUST REIT USD.01,0.0769047800,495227.1500000000
2021-02-28,AFG,AMERICAN FINANCIAL GROUP INC COMMON STOCK,0.0768168900,494661.2000000000
2021-02-28,BYND,BEYOND MEAT INC COMMON STOCK,0.0766768000,493759.1200000000
2021-02-28,G,GENPACT LTD COMMON STOCK USD.01,0.0766097900,493327.5600000000
2021-02-28,NNN,NATIONAL RETAIL PROPERTIES REIT USD.01,0.0765831700,493156.1600000000
2021-02-28,PBCT,PEOPLE S UNITED FINANCIAL COMMON STOCK USD.01,0.0762817400,491215.1400000000
2021-02-28,VOYA,VOYA FINANCIAL INC COMMON STOCK USD.01,0.0760768200,489895.5600000000
2021-02-28,KIM,KIMCO REALTY CORP REIT USD.01,0.0760528100,489740.9400000000
2021-02-28,EEFT,EURONET WORLDWIDE INC COMMON STOCK USD.02,0.0758612700,488507.5000000000
2021-02-28,ARW,ARROW ELECTRONICS INC COMMON STOCK USD1.0,0.0758393700,488366.4600000000
2021-02-28,VNO,VORNADO REALTY TRUST REIT USD.04,0.0757178100,487583.7000000000
2021-02-28,DCI,DONALDSON CO INC COMMON STOCK USD5.0,0.0755187800,486302.0500000000
2021-02-28,APA,APA CORP COMMON STOCK,0.0752312400,484450.4200000000
2021-02-28,LAMR,LAMAR ADVERTISING CO A REIT USD.001,0.0751268700,483778.3300000000
2021-02-28,FSLR,FIRST SOLAR INC COMMON STOCK USD.001,0.0751130600,483689.4000000000
2021-02-28,CASY,CASEY S GENERAL STORES INC COMMON STOCK NPV,0.0750824400,483492.2400000000
2021-02-28,ROL,ROLLINS INC COMMON STOCK USD1.0,0.0745148500,479837.2200000000
2021-02-28,BERY,BERRY GLOBAL GROUP INC COMMON STOCK USD.01,0.0739270600,476052.2000000000
2021-02-28,PCTY,PAYLOCITY HOLDING CORP COMMON STOCK USD.001,0.0738099900,475298.3400000000
2021-02-28,KRC,KILROY REALTY CORP REIT USD.01,0.0732804800,471888.5600000000
2021-02-28,UTHR,UNITED THERAPEUTICS CORP COMMON STOCK USD.01,0.0732639300,471781.9600000000
2021-02-28,AIZ,ASSURANT INC COMMON STOCK USD.01,0.0730577000,470453.9600000000
2021-02-28,COG,CABOT OIL + GAS CORP COMMON STOCK USD.1,0.0728271500,468969.3600000000
2021-02-28,OSK,OSHKOSH CORP COMMON STOCK USD.01,0.0724775400,466718.0000000000
2021-02-28,CUBE,CUBESMART REIT USD.01,0.0721179400,464402.4000000000
2021-02-28,ITT,ITT INC COMMON STOCK USD1.0,0.0720849800,464190.1200000000
2021-02-28,COLD,AMERICOLD REALTY TRUST REIT USD.01,0.0720445200,463929.6000000000
2021-02-28,HRC,HILL ROM HOLDINGS INC COMMON STOCK,0.0714282400,459961.0400000000
2021-02-28,BEN,FRANKLIN RESOURCES INC COMMON STOCK USD.1,0.0711807800,458367.5500000000
2021-02-28,PLNT,PLANET FITNESS INC   CL A COMMON STOCK USD.0001,0.0710834100,457740.5300000000
2021-02-28,XLRN,ACCELERON PHARMA INC COMMON STOCK USD.001,0.0706650800,455046.7200000000
2021-02-28,PVH,PVH CORP COMMON STOCK USD1.0,0.0705053800,454018.3200000000
2021-02-28,TRGP,TARGA RESOURCES CORP COMMON STOCK USD.001,0.0703713800,453155.4300000000
2021-02-28,FLIR,FLIR SYSTEMS INC COMMON STOCK USD.01,0.0703377400,452938.8000000000
2021-02-28,MAT,MATTEL INC COMMON STOCK USD1.0,0.0700563200,451126.6000000000
2021-02-28,BC,BRUNSWICK CORP COMMON STOCK USD.75,0.0700292200,450952.1100000000
2021-02-28,HII,HUNTINGTON INGALLS INDUSTRIE COMMON STOCK USD.01,0.0699325500,450329.6000000000
2021-02-28,CHE,CHEMED CORP COMMON STOCK USD1.0,0.0696906200,448771.6800000000
2021-02-28,PFPT,PROOFPOINT INC COMMON STOCK USD.0001,0.0691402300,445227.4400000000
2021-02-28,PII,POLARIS INC COMMON STOCK USD.01,0.0690523800,444661.7600000000
2021-02-28,IONS,IONIS PHARMACEUTICALS INC COMMON STOCK USD.001,0.0687357500,442622.8000000000
2021-02-28,RGLD,ROYAL GOLD INC COMMON STOCK USD.01,0.0686570000,442115.7300000000
2021-02-28,TCF,TCF FINANCIAL CORP COMMON STOCK USD1.0,0.0680010000,437891.4000000000
2021-02-28,LECO,LINCOLN ELECTRIC HOLDINGS COMMON STOCK,0.0677536100,436298.3400000000
2021-02-28,LITE,LUMENTUM HOLDINGS INC COMMON STOCK USD.001,0.0676172100,435420.0000000000
2021-02-28,SIRI,SIRIUS XM HOLDINGS INC COMMON STOCK USD.001,0.0676083300,435362.8500000000
2021-02-28,EXEL,EXELIXIS INC COMMON STOCK USD.001,0.0672791900,433243.3200000000
2021-02-28,CPRI,CAPRI HOLDINGS LTD COMMON STOCK,0.0668289600,430344.0700000000
2021-02-28,PB,PROSPERITY BANCSHARES INC COMMON STOCK USD1.0,0.0662652000,426713.7600000000
2021-02-28,CLGX,CORELOGIC INC COMMON STOCK USD1.0,0.0662609500,426686.4000000000
2021-02-28,SRPT,SAREPTA THERAPEUTICS INC COMMON STOCK USD.0001,0.0658004500,423721.0200000000
2021-02-28,SEE,SEALED AIR CORP COMMON STOCK USD.1,0.0654642300,421555.9000000000
2021-02-28,DXC,DXC TECHNOLOGY CO COMMON STOCK USD.01,0.0642652300,413834.9800000000
2021-02-28,WWD,WOODWARD INC COMMON STOCK USD.00292,0.0638725300,411306.2200000000
2021-02-28,JBL,JABIL INC COMMON STOCK USD.001,0.0637680000,410633.0400000000
2021-02-28,TPX,TEMPUR SEALY INTERNATIONAL I COMMON STOCK USD.01,0.0637331200,410408.4400000000
2021-02-28,HAE,HAEMONETICS CORP/MASS COMMON STOCK USD.01,0.0636283000,409733.5000000000
2021-02-28,AMG,AFFILIATED MANAGERS GROUP COMMON STOCK USD.01,0.0636218900,409692.1900000000
2021-02-28,BRKR,BRUKER CORP COMMON STOCK USD.01,0.0635701100,409358.7400000000
2021-02-28,SEIC,SEI INVESTMENTS COMPANY COMMON STOCK USD.01,0.0634137700,408352.0000000000
2021-02-28,JEF,JEFFERIES FINANCIAL GROUP IN COMMON STOCK USD1.0,0.0631445000,406618.0800000000
2021-02-28,STWD,STARWOOD PROPERTY TRUST INC REIT USD.01,0.0626350700,403337.6100000000
2021-02-28,THO,THOR INDUSTRIES INC COMMON STOCK USD.1,0.0625157700,402569.3400000000
2021-02-28,SNV,SYNOVUS FINANCIAL CORP COMMON STOCK USD1.0,0.0622085600,400591.0800000000
2021-02-28,DLB,DOLBY LABORATORIES INC CL A COMMON STOCK USD.001,0.0621607200,400283.0000000000
2021-02-28,TOL,TOLL BROTHERS INC COMMON STOCK USD.01,0.0620932700,399848.7000000000
2021-02-28,NVST,ENVISTA HOLDINGS CORP COMMON STOCK USD.01,0.0620818900,399775.4200000000
2021-02-28,LSTR,LANDSTAR SYSTEM INC COMMON STOCK USD.01,0.0616986200,397307.3400000000
2021-02-28,HBI,HANESBRANDS INC COMMON STOCK USD.01,0.0616672200,397105.1200000000
2021-02-28,LFUS,LITTELFUSE INC COMMON STOCK USD.01,0.0615849400,396575.2800000000
2021-02-28,POST,POST HOLDINGS INC COMMON STOCK USD.01,0.0615787900,396535.6800000000
2021-02-28,TW,TRADEWEB MARKETS INC CLASS A COMMON STOCK USD.01,0.0615260300,396195.9700000000
2021-02-28,CDK,CDK GLOBAL INC COMMON STOCK USD.01,0.0613952700,395353.9000000000
2021-02-28,QDEL,QUIDEL CORP COMMON STOCK USD.001,0.0612963300,394716.7800000000
2021-02-28,ERIE,ERIE INDEMNITY COMPANY CL A COMMON STOCK,0.0612065700,394138.8000000000
2021-02-28,LSI,LIFE STORAGE INC REIT USD.01,0.0611711200,393910.5000000000
2021-02-28,AIRC,APARTMENT INCOME REIT CO REIT USD.01,0.0611154100,393551.7600000000
2021-02-28,INGR,INGREDION INC COMMON STOCK USD.01,0.0609178900,392279.8000000000
2021-02-28,PNFP,PINNACLE FINANCIAL PARTNERS COMMON STOCK USD1.0,0.0603403500,388560.7900000000
2021-02-28,SON,SONOCO PRODUCTS CO COMMON STOCK,0.0602500700,387979.4100000000
2021-02-28,WH,WYNDHAM HOTELS + RESORTS INC COMMON STOCK USD.01,0.0601759400,387502.0800000000
2021-02-28,TMX,TERMINIX GLOBAL HOLDINGS INC COMMON STOCK USD.01,0.0598177600,385195.5800000000
2021-02-28,SLM,SLM CORP COMMON STOCK USD.2,0.0597419800,384707.5600000000
2021-02-28,HTA,HEALTHCARE TRUST OF AME CL A REIT USD.01,0.0596260300,383960.9200000000
2021-02-28,SRCL,STERICYCLE INC COMMON STOCK USD.01,0.0596166700,383900.6600000000
2021-02-28,NOV,NOV INC COMMON STOCK USD.01,0.0592487900,381531.7000000000
2021-02-28,GRUB,GRUBHUB INC COMMON STOCK USD.0001,0.0591998400,381216.5000000000
2021-02-28,REXR,REXFORD INDUSTRIAL REALTY IN REIT USD.01,0.0591879100,381139.6400000000
2021-02-28,MSA,MSA SAFETY INC COMMON STOCK,0.0591510600,380902.3400000000
2021-02-28,NXST,NEXSTAR MEDIA GROUP INC CL A COMMON STOCK USD.01,0.0591469600,380875.9500000000
2021-02-28,CFR,CULLEN/FROST BANKERS INC COMMON STOCK USD.01,0.0590458400,380224.8000000000
2021-02-28,COHR,COHERENT INC COMMON STOCK USD.01,0.0589869900,379845.8000000000
2021-02-28,XEC,CIMAREX ENERGY CO COMMON STOCK USD.01,0.0588681600,379080.6300000000
2021-02-28,BRX,BRIXMOR PROPERTY GROUP INC REIT USD.01,0.0588583000,379017.1200000000
2021-02-28,OGE,OGE ENERGY CORP COMMON STOCK USD.01,0.0587810400,378519.6400000000
2021-02-28,NTNX,NUTANIX INC   A COMMON STOCK USD.000025,0.0587406700,378259.6500000000
2021-02-28,TNDM,TANDEM DIABETES CARE INC COMMON STOCK,0.0586569700,377720.6500000000
2021-02-28,SYNH,SYNEOS HEALTH INC COMMON STOCK USD.01,0.0586297400,377545.3500000000
2021-02-28,FSLY,FASTLY INC   CLASS A COMMON STOCK USD.00002,0.0585716200,377171.0800000000
2021-02-28,AXTA,AXALTA COATING SYSTEMS LTD COMMON STOCK USD1.0,0.0582252700,374940.7600000000
2021-02-28,LEG,LEGGETT + PLATT INC COMMON STOCK USD.01,0.0576665900,371343.1400000000
2021-02-28,NATI,NATIONAL INSTRUMENTS CORP COMMON STOCK USD.01,0.0575453500,370562.4000000000
2021-02-28,JBLU,JETBLUE AIRWAYS CORP COMMON STOCK USD.01,0.0574066000,369668.9400000000
2021-02-28,FAF,FIRST AMERICAN FINANCIAL COMMON STOCK USD.00001,0.0572846000,368883.3400000000
2021-02-28,PSTG,PURE STORAGE INC   CLASS A COMMON STOCK USD.0001,0.0569951200,367019.2400000000
2021-02-28,HFC,HOLLYFRONTIER CORP COMMON STOCK USD.01,0.0569421900,366678.4000000000
2021-02-28,ACC,AMERICAN CAMPUS COMMUNITIES REIT USD.01,0.0566361800,364707.8400000000
2021-02-28,MDU,MDU RESOURCES GROUP INC COMMON STOCK USD1.0,0.0563790400,363052.0000000000
2021-02-28,PPD,PPD INC COMMON STOCK USD.01,0.0562964900,362520.4000000000
2021-02-28,HEI,HEICO CORP COMMON STOCK USD.01,0.0562539400,362246.4000000000
2021-02-28,PRI,PRIMERICA INC COMMON STOCK,0.0560140200,360701.4200000000
2021-02-28,BPOP,POPULAR INC COMMON STOCK USD.01,0.0559714100,360427.0800000000
2021-02-28,DBX,DROPBOX INC CLASS A COMMON STOCK USD.00001,0.0559118700,360043.6500000000
2021-02-28,RBC,REGAL BELOIT CORP COMMON STOCK USD.01,0.0558821300,359852.1100000000
2021-02-28,CHNG,CHANGE HEALTHCARE INC COMMON STOCK USD.001,0.0557660700,359104.7400000000
2021-02-28,PRGO,PERRIGO CO PLC COMMON STOCK EUR.001,0.0557062700,358719.6800000000
2021-02-28,RL,RALPH LAUREN CORP COMMON STOCK USD.01,0.0553810900,356625.6800000000
2021-02-28,BWXT,BWX TECHNOLOGIES INC COMMON STOCK USD.01,0.0553661500,356529.4600000000
2021-02-28,ORI,OLD REPUBLIC INTL CORP COMMON STOCK USD1.0,0.0552389900,355710.6600000000
2021-02-28,CACI,CACI INTERNATIONAL INC  CL A COMMON STOCK USD.1,0.0552363100,355693.3800000000
2021-02-28,NYCB,NEW YORK COMMUNITY BANCORP COMMON STOCK USD.01,0.0552148500,355555.2000000000
2021-02-28,HUN,HUNTSMAN CORP COMMON STOCK USD.01,0.0551936500,355418.7000000000
2021-02-28,HOG,HARLEY DAVIDSON INC COMMON STOCK USD.01,0.0550935100,354773.8200000000
2021-02-28,FR,FIRST INDUSTRIAL REALTY TR REIT USD.01,0.0550432700,354450.2900000000
2021-02-28,MAN,MANPOWERGROUP INC COMMON STOCK USD.01,0.0548646400,353300.0400000000
2021-02-28,DEI,DOUGLAS EMMETT INC REIT USD.01,0.0547436600,352521.0000000000
2021-02-28,KNX,KNIGHT SWIFT TRANSPORTATION COMMON STOCK USD.001,0.0545343000,351172.8000000000
2021-02-28,ACAD,ACADIA PHARMACEUTICALS INC COMMON STOCK USD.0001,0.0544796800,350821.0800000000
2021-02-28,UNM,UNUM GROUP COMMON STOCK USD.1,0.0540950700,348344.4000000000
2021-02-28,EVBG,EVERBRIDGE INC COMMON STOCK USD.001,0.0539917200,347678.8700000000
2021-02-28,IBKR,INTERACTIVE BROKERS GRO CL A COMMON STOCK USD.01,0.0534424800,344142.0600000000
2021-02-28,PEGA,PEGASYSTEMS INC COMMON STOCK USD.01,0.0524715200,337889.5500000000
2021-02-28,ATH,ATHENE HOLDING LTD CLASS A COMMON STOCK USD.001,0.0523902200,337366.0000000000
2021-02-28,IOVA,IOVANCE BIOTHERAPEUTICS INC COMMON STOCK USD.000041666,0.0519809000,334730.2000000000
2021-02-28,EXP,EAGLE MATERIALS INC COMMON STOCK USD.01,0.0519667700,334639.2200000000
2021-02-28,AYX,ALTERYX INC   CLASS A COMMON STOCK,0.0515301500,331827.6000000000
2021-02-28,CNXC,CONCENTRIX CORP COMMON STOCK,0.0514985800,331624.3500000000
2021-02-28,ARES,ARES MANAGEMENT CORP   A COMMON STOCK,0.0514352600,331216.5600000000
2021-02-28,UHAL,AMERCO COMMON STOCK USD.25,0.0514076400,331038.7200000000
2021-02-28,PK,PARK HOTELS + RESORTS INC REIT USD.01,0.0513226200,330491.2500000000
2021-02-28,TNL,TRAVEL   LEISURE CO COMMON STOCK USD.01,0.0512194600,329826.9400000000
2021-02-28,RPRX,ROYALTY PHARMA PLC  CL A COMMON STOCK,0.0510430700,328691.0600000000
2021-02-28,FOX,FOX CORP   CLASS B COMMON STOCK USD.01,0.0509433300,328048.8200000000
2021-02-28,SLG,SL GREEN REALTY CORP REIT USD.01,0.0509056600,327806.2200000000
2021-02-28,OZK,BANK OZK COMMON STOCK,0.0505561500,325555.5600000000
2021-02-28,,US DOLLAR,0.0504124200,324630.0000000000
2021-02-28,FL,FOOT LOCKER INC COMMON STOCK USD.01,0.0503043700,323934.2400000000
2021-02-28,SAIC,SCIENCE APPLICATIONS INTE COMMON STOCK USD.0001,0.0502643500,323676.5400000000
2021-02-28,TRIP,TRIPADVISOR INC COMMON STOCK USD.001,0.0502635300,323671.2600000000
2021-02-28,CUZ,COUSINS PROPERTIES INC REIT USD1.0,0.0501369400,322856.0400000000
2021-02-28,TKR,TIMKEN CO COMMON STOCK,0.0500920400,322566.9500000000
2021-02-28,WBS,WEBSTER FINANCIAL CORP COMMON STOCK USD.01,0.0500234800,322125.4400000000
2021-02-28,VMI,VALMONT INDUSTRIES COMMON STOCK USD1.0,0.0496973100,320025.0900000000
2021-02-28,COR,CORESITE REALTY CORP REIT USD.01,0.0495195200,318880.2000000000
2021-02-28,SKX,SKECHERS USA INC CL A COMMON STOCK USD.001,0.0493969000,318090.6000000000
2021-02-28,EQT,EQT CORP COMMON STOCK,0.0492220200,316964.4300000000
2021-02-28,LOPE,GRAND CANYON EDUCATION INC COMMON STOCK USD.01,0.0490814300,316059.1100000000
2021-02-28,MORN,MORNINGSTAR INC COMMON STOCK,0.0490324900,315744.0000000000
2021-02-28,IART,INTEGRA LIFESCIENCES HOLDING COMMON STOCK USD.01,0.0489986100,315525.7800000000
2021-02-28,ACHC,ACADIA HEALTHCARE CO INC COMMON STOCK USD.01,0.0489908200,315475.6400000000
2021-02-28,AL,AIR LEASE CORP COMMON STOCK USD.01,0.0489259900,315058.2000000000
2021-02-28,FLS,FLOWSERVE CORP COMMON STOCK USD1.25,0.0485979900,312946.0000000000
2021-02-28,VNT,VONTIER CORP COMMON STOCK USD.0001,0.0481716500,310200.6000000000
2021-02-28,CRUS,CIRRUS LOGIC INC COMMON STOCK USD.001,0.0477257500,307329.2400000000
2021-02-28,QRTEA,QURATE RETAIL INC SERIES A COMMON STOCK USD.01,0.0477166700,307270.8000000000
2021-02-28,GMED,GLOBUS MEDICAL INC   A COMMON STOCK USD.001,0.0476746200,307000.0000000000
2021-02-28,EVR,EVERCORE INC   A COMMON STOCK USD.01,0.0475956400,306491.4300000000
2021-02-28,SABR,SABRE CORP COMMON STOCK USD.01,0.0472170700,304053.6200000000
2021-02-28,SRC,SPIRIT REALTY CAPITAL INC REIT USD.05,0.0472122100,304022.3400000000
2021-02-28,KMPR,KEMPER CORP COMMON STOCK USD.1,0.0471371100,303538.6800000000
2021-02-28,ASH,ASHLAND GLOBAL HOLDINGS INC COMMON STOCK,0.0470796200,303168.4800000000
2021-02-28,FCNCA,FIRST CITIZENS BCSHS   CL A COMMON STOCK USD1.0,0.0467520500,301059.1200000000
2021-02-28,VVV,VALVOLINE INC COMMON STOCK USD.01,0.0463502400,298471.6800000000
2021-02-28,CW,CURTISS WRIGHT CORP COMMON STOCK USD1.0,0.0463099900,298212.5100000000
2021-02-28,VRT,VERTIV HOLDINGS CO COMMON STOCK USD.0001,0.0460821900,296745.5400000000
2021-02-28,AYI,ACUITY BRANDS INC COMMON STOCK USD.01,0.0460497200,296536.5000000000
2021-02-28,OLLI,OLLIE S BARGAIN OUTLET HOLDI COMMON STOCK USD.001,0.0458114700,295002.2400000000
2021-02-28,GPS,GAP INC/THE COMMON STOCK USD.05,0.0457543700,294634.5500000000
2021-02-28,ADS,ALLIANCE DATA SYSTEMS CORP COMMON STOCK USD.01,0.0454215700,292491.5000000000
2021-02-28,FTDR,FRONTDOOR INC COMMON STOCK USD.01,0.0452581300,291439.0500000000
2021-02-28,SPR,SPIRIT AEROSYSTEMS HOLD CL A COMMON STOCK USD.01,0.0450283100,289959.1000000000
2021-02-28,HXL,HEXCEL CORP COMMON STOCK USD.01,0.0449649900,289551.3600000000
2021-02-28,NCR,NCR CORPORATION COMMON STOCK USD.01,0.0445168700,286665.7200000000
2021-02-28,CFX,COLFAX CORP COMMON STOCK USD.001,0.0444361900,286146.2000000000
2021-02-28,OLN,OLIN CORP COMMON STOCK USD1.0,0.0443284600,285452.4400000000
2021-02-28,CLH,CLEAN HARBORS INC COMMON STOCK USD.01,0.0442445200,284911.9000000000
2021-02-28,DKS,DICK S SPORTING GOODS INC COMMON STOCK USD.01,0.0442329900,284837.6700000000
2021-02-28,SAGE,SAGE THERAPEUTICS INC COMMON STOCK USD.0001,0.0440213800,283475.0000000000
2021-02-28,TDC,TERADATA CORP COMMON STOCK USD.01,0.0438706700,282504.5000000000
2021-02-28,IDA,IDACORP INC COMMON STOCK,0.0438600300,282436.0000000000
2021-02-28,ADPT,ADAPTIVE BIOTECHNOLOGIES COMMON STOCK USD.0001,0.0436344200,280983.1900000000
2021-02-28,FEYE,FIREEYE INC COMMON STOCK USD.0001,0.0432694600,278633.0400000000
2021-02-28,RYN,RAYONIER INC REIT,0.0432261200,278353.9200000000
2021-02-28,ALSN,ALLISON TRANSMISSION HOLDING COMMON STOCK USD.01,0.0431639500,277953.6000000000
2021-02-28,AN,AUTONATION INC COMMON STOCK USD.01,0.0431166500,277649.0200000000
2021-02-28,THG,HANOVER INSURANCE GROUP INC/ COMMON STOCK USD.01,0.0430984900,277532.1000000000
2021-02-28,XRX,XEROX HOLDINGS CORP COMMON STOCK USD1.0,0.0430385300,277145.9600000000
2021-02-28,GPK,GRAPHIC PACKAGING HOLDING CO COMMON STOCK USD.01,0.0430126200,276979.1100000000
2021-02-28,NRZ,NEW RESIDENTIAL INVESTMENT REIT USD.01,0.0426366800,274558.2400000000
2021-02-28,PACW,PACWEST BANCORP COMMON STOCK,0.0426248000,274481.7600000000
2021-02-28,FLO,FLOWERS FOODS INC COMMON STOCK USD.01,0.0426117900,274398.0000000000
2021-02-28,AXS,AXIS CAPITAL HOLDINGS LTD COMMON STOCK USD.0125,0.0424595800,273417.8300000000
2021-02-28,STL,STERLING BANCORP/DE COMMON STOCK USD.01,0.0424125700,273115.1300000000
2021-02-28,WTFC,WINTRUST FINANCIAL CORP COMMON STOCK,0.0423464500,272689.3200000000
2021-02-28,UAA,UNDER ARMOUR INC CLASS A COMMON STOCK USD.000333,0.0416113200,267955.4900000000
2021-02-28,PINC,PREMIER INC CLASS A COMMON STOCK USD.01,0.0415483600,267550.0200000000
2021-02-28,HIW,HIGHWOODS PROPERTIES INC REIT USD.01,0.0413656300,266373.3600000000
2021-02-28,MTG,MGIC INVESTMENT CORP COMMON STOCK USD1.0,0.0412091400,265365.6600000000
2021-02-28,CR,CRANE CO COMMON STOCK USD1.0,0.0411910600,265249.1800000000
2021-02-28,AWI,ARMSTRONG WORLD INDUSTRIES COMMON STOCK USD.01,0.0410125800,264099.8800000000
2021-02-28,CG,CARLYLE GROUP INC/THE COMMON STOCK USD1.0,0.0409490400,263690.7500000000
2021-02-28,HLF,HERBALIFE NUTRITION LTD COMMON STOCK USD.002,0.0408973600,263357.9000000000
2021-02-28,NVT,NVENT ELECTRIC PLC COMMON STOCK USD.01,0.0408571400,263098.9400000000
2021-02-28,ICUI,ICU MEDICAL INC COMMON STOCK USD.1,0.0405044000,260827.5000000000
2021-02-28,AZEK,AZEK CO INC/THE COMMON STOCK,0.0404077200,260204.8900000000
2021-02-28,FCN,FTI CONSULTING INC COMMON STOCK USD.01,0.0403091700,259570.3000000000
2021-02-28,JWN,NORDSTROM INC COMMON STOCK,0.0400076400,257628.6000000000
2021-02-28,NFG,NATIONAL FUEL GAS CO COMMON STOCK USD1.0,0.0399537100,257281.2800000000
2021-02-28,NKTR,NEKTAR THERAPEUTICS COMMON STOCK USD.0001,0.0394922100,254309.5200000000
2021-02-28,ESI,ELEMENT SOLUTIONS INC COMMON STOCK USD.01,0.0393571900,253440.0500000000
2021-02-28,LAZ,LAZARD LTD CL A COMMON STOCK USD.01,0.0391797600,252297.4900000000
2021-02-28,MSM,MSC INDUSTRIAL DIRECT CO A COMMON STOCK USD.001,0.0389756100,250982.8200000000
2021-02-28,JBGS,JBG SMITH PROPERTIES REIT USD.01,0.0388475600,250158.2500000000
2021-02-28,HPP,HUDSON PACIFIC PROPERTIES IN REIT USD.01,0.0387536700,249553.6800000000
2021-02-28,CC,CHEMOURS CO/THE COMMON STOCK,0.0385791300,248429.7400000000
2021-02-28,FNB,FNB CORP COMMON STOCK USD.01,0.0383164700,246738.3100000000
2021-02-28,UMPQ,UMPQUA HOLDINGS CORP COMMON STOCK,0.0379758400,244544.8200000000
2021-02-28,HE,HAWAIIAN ELECTRIC INDS COMMON STOCK,0.0378130200,243496.4000000000
2021-02-28,AVT,AVNET INC COMMON STOCK USD1.0,0.0377360600,243000.8100000000
2021-02-28,KEX,KIRBY CORP COMMON STOCK USD.1,0.0374127100,240918.5600000000
2021-02-28,HHC,HOWARD HUGHES CORP/THE COMMON STOCK,0.0373028000,240210.8400000000
2021-02-28,HRB,H+R BLOCK INC COMMON STOCK,0.0371730100,239375.0400000000
2021-02-28,SNX,SYNNEX CORP COMMON STOCK USD.001,0.0371622000,239305.4400000000
2021-02-28,LSXMA,LIBERTY MEDIA COR SIRIUSXM A TRACKING STK USD.01,0.0369929000,238215.2400000000
2021-02-28,WEN,WENDY S CO/THE COMMON STOCK USD.1,0.0366278300,235864.3500000000
2021-02-28,CHH,CHOICE HOTELS INTL INC COMMON STOCK USD.01,0.0366097200,235747.7600000000
2021-02-28,LBRDA,LIBERTY BROADBAND A COMMON STOCK USD.01,0.0363203300,233884.2400000000
2021-02-28,MSGS,MADISON SQUARE GARDEN SPORTS COMMON STOCK USD.01,0.0362626700,233512.9000000000
2021-02-28,WTM,WHITE MOUNTAINS INSURANCE GP COMMON STOCK USD1.0,0.0361887200,233036.7000000000
2021-02-28,UA,UNDER ARMOUR INC CLASS C COMMON STOCK USD.000333,0.0361824600,232996.4000000000
2021-02-28,FHB,FIRST HAWAIIAN INC COMMON STOCK USD.01,0.0361429600,232742.0500000000
2021-02-28,BHF,BRIGHTHOUSE FINANCIAL INC COMMON STOCK USD.01,0.0359472300,231481.6700000000
2021-02-28,HAIN,HAIN CELESTIAL GROUP INC COMMON STOCK USD.01,0.0359344700,231399.4800000000
2021-02-28,MRCY,MERCURY SYSTEMS INC COMMON STOCK USD.01,0.0359102800,231243.6800000000
2021-02-28,CRI,CARTER S INC COMMON STOCK USD.01,0.0358534900,230878.0200000000
2021-02-28,R,RYDER SYSTEM INC COMMON STOCK USD.5,0.0357715300,230350.2300000000
2021-02-28,CACC,CREDIT ACCEPTANCE CORP COMMON STOCK USD.01,0.0357411600,230154.6800000000
2021-02-28,MDLA,MEDALLIA INC COMMON STOCK,0.0354080700,228009.7600000000
2021-02-28,OMF,ONEMAIN HOLDINGS INC COMMON STOCK USD.01,0.0346535300,223150.8700000000
2021-02-28,AGO,ASSURED GUARANTY LTD COMMON STOCK USD.01,0.0346371900,223045.6800000000
2021-02-28,BOH,BANK OF HAWAII CORP COMMON STOCK USD.01,0.0345000400,222162.5000000000
2021-02-28,SIX,SIX FLAGS ENTERTAINMENT CORP COMMON STOCK,0.0343876900,221439.0000000000
2021-02-28,EPR,EPR PROPERTIES REIT USD.01,0.0338736800,218129.0400000000
2021-02-28,UNVR,UNIVAR SOLUTIONS INC COMMON STOCK USD.01,0.0334446700,215366.4700000000
2021-02-28,GRA,WR GRACE + CO COMMON STOCK USD.01,0.0333318200,214639.7200000000
2021-02-28,SPB,SPECTRUM BRANDS HOLDINGS INC COMMON STOCK USD.01,0.0332263300,213960.4500000000
2021-02-28,EQC,EQUITY COMMONWEALTH REIT USD.01,0.0330136000,212590.5600000000
2021-02-28,NEWR,NEW RELIC INC COMMON STOCK USD.001,0.0317212900,204268.7400000000
2021-02-28,PD,PAGERDUTY INC COMMON STOCK USD.000005,0.0314038800,202224.8000000000
2021-02-28,U,UNITY SOFTWARE INC COMMON STOCK,0.0313054500,201590.9900000000
2021-02-28,WRI,WEINGARTEN REALTY INVESTORS REIT USD.03,0.0310658100,200047.8100000000
2021-02-28,ASB,ASSOCIATED BANC CORP COMMON STOCK USD.01,0.0310378600,199867.8500000000
2021-02-28,H,HYATT HOTELS CORP   CL A COMMON STOCK USD.01,0.0308259400,198503.1500000000
2021-02-28,ALKS,ALKERMES PLC COMMON STOCK USD.01,0.0301914600,194417.4400000000
2021-02-28,HP,HELMERICH + PAYNE COMMON STOCK USD.1,0.0301689100,194272.2600000000
2021-02-28,BF.A,BROWN FORMAN CORP CLASS A COMMON STOCK USD.15,0.0301230100,193976.6700000000
2021-02-28,SLGN,SILGAN HOLDINGS INC COMMON STOCK USD.01,0.0299687400,192983.2800000000
2021-02-28,APLE,APPLE HOSPITALITY REIT INC REIT NPV,0.0299096900,192603.0000000000
2021-02-28,VSAT,VIASAT INC COMMON STOCK USD.0001,0.0299002300,192542.1000000000
2021-02-28,ETRN,EQUITRANS MIDSTREAM CORP COMMON STOCK,0.0298306300,192093.8700000000
2021-02-28,COLM,COLUMBIA SPORTSWEAR CO COMMON STOCK,0.0296750100,191091.7800000000
2021-02-28,RETA,REATA PHARMACEUTICALS INC A COMMON STOCK USD.001,0.0296561200,190970.1200000000
2021-02-28,AGIO,AGIOS PHARMACEUTICALS INC COMMON STOCK USD.001,0.0295271300,190139.5200000000
2021-02-28,OFC,CORPORATE OFFICE PROPERTIES REIT USD.01,0.0295067100,190008.0000000000
2021-02-28,WLK,WESTLAKE CHEMICAL CORP COMMON STOCK USD.01,0.0294804000,189838.6200000000
2021-02-28,TREE,LENDINGTREE INC COMMON STOCK USD.01,0.0293943500,189284.4800000000
2021-02-28,OUT,OUTFRONT MEDIA INC REIT USD.01,0.0292949800,188644.5600000000
2021-02-28,CPA,COPA HOLDINGS SA CLASS A COMMON STOCK,0.0286989900,184806.7200000000
2021-02-28,COMM,COMMSCOPE HOLDING CO INC COMMON STOCK USD.01,0.0286181700,184286.2900000000
2021-02-28,STAY,EXTENDED STAY AMERICA INC UNIT USD.01,0.0286045100,184198.3200000000
2021-02-28,THS,TREEHOUSE FOODS INC COMMON STOCK USD.01,0.0284686300,183323.3000000000
2021-02-28,TRN,TRINITY INDUSTRIES INC COMMON STOCK USD.01,0.0284586300,183258.9000000000
2021-02-28,NWS,NEWS CORP   CLASS B COMMON STOCK,0.0279048400,179692.8000000000
2021-02-28,TWOU,2U INC COMMON STOCK USD.001,0.0277801400,178889.8200000000
2021-02-28,CBT,CABOT CORP COMMON STOCK USD1.0,0.0276061700,177769.5300000000
2021-02-28,BOKF,BOK FINANCIAL CORPORATION COMMON STOCK USD.00006,0.0270763200,174357.5600000000
2021-02-28,UI,UBIQUITI INC COMMON STOCK USD.001,0.0267934000,172535.7200000000
2021-02-28,NEU,NEWMARKET CORP COMMON STOCK,0.0263659400,169783.0400000000
2021-02-28,GO,GROCERY OUTLET HOLDING CORP COMMON STOCK USD.001,0.0262401500,168973.0500000000
2021-02-28,AGR,AVANGRID INC COMMON STOCK USD.01,0.0259161600,166886.7200000000
2021-02-28,ENR,ENERGIZER HOLDINGS INC COMMON STOCK,0.0258739300,166614.8000000000
2021-02-28,NUS,NU SKIN ENTERPRISES INC   A COMMON STOCK USD.001,0.0258304800,166335.0000000000
2021-02-28,GBT,GLOBAL BLOOD THERAPEUTICS IN COMMON STOCK USD.001,0.0254098900,163626.6000000000
2021-02-28,AM,ANTERO MIDSTREAM CORP COMMON STOCK,0.0252937800,162878.9400000000
2021-02-28,SFM,SPROUTS FARMERS MARKET INC COMMON STOCK USD.001,0.0250816000,161512.6100000000
2021-02-28,SPCE,VIRGIN GALACTIC HOLDINGS INC COMMON STOCK USD.0001,0.0250166300,161094.2100000000
2021-02-28,MUR,MURPHY OIL CORP COMMON STOCK USD1.0,0.0237412600,152881.4600000000
2021-02-28,GHC,GRAHAM HOLDINGS CO CLASS B COMMON STOCK USD1.0,0.0236992300,152610.8200000000
2021-02-28,MIC,MACQUARIE INFRASTRUCTURE COR COMMON STOCK USD.001,0.0233365400,150275.3000000000
2021-02-28,JW.A,WILEY (JOHN) + SONS CLASS A COMMON STOCK USD1.0,0.0230370700,148346.8800000000
2021-02-28,WWE,WORLD WRESTLING ENTERTAIN A COMMON STOCK USD.01,0.0228915200,147409.6000000000
2021-02-28,COTY,COTY INC CL A COMMON STOCK USD.01,0.0221649800,142731.0300000000
2021-02-28,PAG,PENSKE AUTOMOTIVE GROUP INC COMMON STOCK USD.0001,0.0217891200,140310.7200000000
2021-02-28,BDN,BRANDYWINE REALTY TRUST REIT USD.01,0.0209901800,135165.9600000000
2021-02-28,BLUE,BLUEBIRD BIO INC COMMON STOCK USD.01,0.0206657700,133076.9000000000
2021-02-28,ARRY,ARRAY TECHNOLOGIES INC COMMON STOCK USD.001,0.0205165500,132116.0400000000
2021-02-28,MSGE,MADISON SQUARE GARDEN ENTERT COMMON STOCK USD.01,0.0203507500,131048.3200000000
2021-02-28,DNB,DUN + BRADSTREET HOLDINGS IN COMMON STOCK,0.0190339800,122569.0200000000
2021-02-28,LMND,LEMONADE INC COMMON STOCK USD.00001,0.0188700100,121513.1400000000
2021-02-28,PS,PLURALSIGHT INC   A COMMON STOCK USD.0001,0.0184813200,119010.2000000000
2021-02-28,LESL,LESLIE S INC COMMON STOCK USD.001,0.0183924400,118437.8400000000
2021-02-28,CLR,CONTINENTAL RESOURCES INC/OK COMMON STOCK USD.01,0.0182716300,117659.8800000000
2021-02-28,SC,SANTANDER CONSUMER USA HOLDI COMMON STOCK USD.01,0.0180721000,116375.0000000000
2021-02-28,TDS,TELEPHONE AND DATA SYSTEMS COMMON STOCK USD.01,0.0179692200,115712.5200000000
2021-02-28,OSH,OAK STREET HEALTH INC COMMON STOCK USD.001,0.0178125900,114703.8900000000
2021-02-28,PGRE,PARAMOUNT GROUP INC REIT USD.01,0.0176676700,113770.7100000000
2021-02-28,VIRT,VIRTU FINANCIAL INC CLASS A COMMON STOCK USD.00001,0.0173203800,111534.3000000000
2021-02-28,MCY,MERCURY GENERAL CORP COMMON STOCK,0.0160794200,103543.2000000000
2021-02-28,ESRT,EMPIRE STATE REALTY TRUST A REIT USD.01,0.0159401300,102646.2300000000
2021-02-28,DCT,DUCK CREEK TECHNOLOGIES INC COMMON STOCK USD.01,0.0151680600,97674.5000000000
2021-02-28,LGF.B,LIONS GATE ENTERTAINMENT B COMMON STOCK,0.0146967300,94639.3800000000
2021-02-28,AMWL,AMERICAN WELL CORP CLASS A COMMON STOCK USD.01,0.0141663800,91224.1600000000
2021-02-28,SNDR,SCHNEIDER NATIONAL INC CL B COMMON STOCK,0.0138072700,88911.7200000000
2021-02-28,REYN,REYNOLDS CONSUMER PRODUCTS I COMMON STOCK USD.001,0.0135317000,87137.1600000000
2021-02-28,SWCH,SWITCH INC   A COMMON STOCK USD.001,0.0134234200,86439.9000000000
2021-02-28,CNA,CNA FINANCIAL CORP COMMON STOCK USD2.5,0.0121618600,78316.1400000000
2021-02-28,ALGM,ALLEGRO MICROSYSTEMS INC COMMON STOCK USD.01,0.0121049200,77949.4800000000
2021-02-28,ADT,ADT INC COMMON STOCK USD.01,0.0119654400,77051.2500000000
2021-02-28,VRM,VROOM INC COMMON STOCK,0.0118673700,76419.7500000000
2021-02-28,PPC,PILGRIM S PRIDE CORP COMMON STOCK USD.01,0.0115679300,74491.5300000000
2021-02-28,JAMF,JAMF HOLDING CORP COMMON STOCK,0.0115577600,74426.0000000000
2021-02-28,SATS,ECHOSTAR CORP A COMMON STOCK USD.001,0.0109173200,70301.9000000000
2021-02-28,LEN.B,LENNAR CORP   B SHS COMMON STOCK USD.1,0.0102432900,65961.5200000000
2021-02-28,NCNO,NCINO INC COMMON STOCK USD.0005,0.0101303900,65234.5200000000
2021-02-28,FWONA,LIBERTY MEDIA CORP LIBERTY A TRACKING STK USD.01,0.0096932800,62419.7000000000
2021-02-28,TFSL,TFS FINANCIAL CORP COMMON STOCK USD.01,0.0093897100,60464.8800000000
2021-02-28,LGF.A,LIONS GATE ENTERTAINMENT A COMMON STOCK NPV,0.0085977000,55364.7600000000
2021-02-28,SEB,SEABOARD CORP COMMON STOCK USD1.0,0.0082320600,53010.2400000000
2021-02-28,EAF,GRAFTECH INTERNATIONAL LTD COMMON STOCK USD.01,0.0079693500,51318.5400000000
2021-02-28,BLI,BERKELEY LIGHTS INC COMMON STOCK,0.0079489600,51187.2200000000
2021-02-28,MCFE,MCAFEE CORP   CLASS A COMMON STOCK USD.001,0.0077759800,50073.3000000000
2021-02-28,SWI,SOLARWINDS CORP COMMON STOCK USD.001,0.0077084600,49638.5400000000
2021-02-28,ACI,ALBERTSONS COS INC   CLASS A COMMON STOCK USD.01,0.0075231700,48445.3200000000
2021-02-28,BIGC,BIGCOMMERCE HOLDINGS SER 1 COMMON STOCK,0.0072975500,46992.4500000000
2021-02-28,FROG,JFROG LTD COMMON STOCK,0.0071934900,46322.3400000000
2021-02-28,BPYU,BROOKFIELD PROPERTY REIT I A REIT USD.01,0.0069652300,44852.5000000000
2021-02-28,VIACA,VIACOMCBS INC   CLASS A COMMON STOCK USD.001,0.0069055100,44467.9200000000
2021-02-28,GTES,GATES INDUSTRIAL CORP PLC COMMON STOCK USD.01,0.0068833100,44325.0000000000
2021-02-28,AIV,APARTMENT INVT + MGMT CO  A REIT USD.01,0.0068500700,44110.9200000000
2021-02-28,ANAT,AMERICAN NATIONAL GROUP INC COMMON STOCK USD.01,0.0066961200,43119.5800000000
2021-02-28,GOCO,GOHEALTH INC CLASS A COMMON STOCK,0.0057951100,37317.5000000000
2021-02-28,MSP,DATTO HOLDING CORP COMMON STOCK USD.001,0.0057264700,36875.5200000000
2021-02-28,ARD,ARDAGH GROUP SA COMMON STOCK EUR.01,0.0045725800,29445.0800000000
2021-02-28,USM,US CELLULAR CORP COMMON STOCK USD1.0,0.0044102800,28399.9500000000


"Holdings may include collateral held by the fund for securities on loan. In addition, certain securities may be designated as collateral for transactions such as open futures contracts or delayed-delivery securities."
"Any fund holdings shown should not be considered a recommendation of any security by the investment adviser and are subject to change."
"Charles Schwab Investment Management believes this information to be accurate, and is not responsible for any errors. Charles Schwab Investment Management, Inc. and its affiliates are not responsible for subsequent alternative uses of this list beyond this instance."


